area,perimeter,physiological_length,physiological_width,aspect_ratio,mean_r,mean_g,mean_b,stddev_r,stddev_g,stddev_b,contrast,energy,homogeneity,correlation,dissimilarity,eccentricity,solidity,equiv_diameter,major_axis_length,minor_axis_length,skewness,kurtosis,hog_feature_1,hog_feature_2,hog_feature_3,types
1972073.5,9628.785712957382,3120,2225,1.402247191011236,195.25855625410915,193.31326851166995,173.78370767587114,57.83457831644925,54.94786797054755,77.40671617131197,5.5677011657253725,0.046004008656640866,0.5209778809847387,0.9991765644215991,1.5402094071900096,0.9837153095035287,0.7423579555805639,1586.2920320209873,4060.8449573923963,729.8705416991422,-1.3495148248477278,0.3610688020492341,0.44952203037599336,0.18159239231335877,0.16311649240385043,Brown Spot
38825.0,1042.2253954410553,309,193,1.6010362694300517,200.54104711127547,198.17779359796188,178.33076563527285,57.300307466418516,54.35138939481898,77.99186536328338,6.3042045856249125,0.04542576666323465,0.5069691519633672,0.9990529049550643,1.6388964247252158,0.9869013999674718,0.9850089296504679,1528.0541344159733,3892.4252825332833,627.9439538709042,-1.3811212685315326,0.46826642647735994,0.3636372870223058,0.3636372870223058,0.3636372870223058,Brown Spot
16776.0,799.7401142120361,214,184,1.1630434782608696,193.21687130177514,193.35126725838265,174.50466664612097,54.261332323172205,50.802715478813475,72.61112195977687,5.495094889880878,0.04741742765867974,0.5246912195319369,0.999061142246942,1.5233098831808354,0.9875183540990925,0.9666426664350691,1482.0786793790166,3807.992148205046,599.7738780690316,-1.4633988854200828,0.792236107319134,0.4094276152965031,0.16095061920046105,0.3619470421584101,Brown Spot
1296182.5,6467.057458043098,2324,1432,1.6229050279329609,187.5038833721905,187.4468808970823,163.93118799268873,60.086385195774156,55.726472160817984,81.66848644911404,4.843361268701891,0.044622793624611676,0.4884616006373039,0.9993213489511337,1.5300689875917173,0.9772845255992443,0.9833986762847857,1286.0795299469892,2852.3833426197352,604.509848963205,-1.172833990267481,-0.23404543981260728,0.41991363438958396,0.2751452974025686,0.41991363438958396,Brown Spot
921537.0,5424.236168622971,1403,1860,0.7543010752688172,185.31003815469995,184.46970025436465,162.66791074112615,62.82654795492438,60.99433883892892,83.98834991319234,7.717051600178151,0.04687664660145443,0.45492470512481603,0.999057416028596,1.8078918600010412,0.9774473451772349,0.9793956946797301,1084.5725574059657,2403.1868877282886,507.50327156147074,-1.1417641697205656,-0.3367492891197532,0.37879394258516125,0.3619902973328646,0.37879394258516125,Brown Spot
1061009.5,6225.238256812096,1491,2222,0.671017101710171,202.12835781777997,198.89334014409542,179.67549223419192,59.51612212783219,59.49381412688231,81.3375430202154,7.328365682133274,0.04666413511991118,0.4655596899256178,0.9990404523484951,1.8109140270172897,0.9832136439545083,0.9669551684421904,1163.7632507236137,2798.0517198053144,510.5269864630991,-1.4335810001665683,0.5317804023641926,0.25866400492348574,0.34703417176591894,0.48035663807688134,Brown Spot
407061.0,4124.719028711319,580,1697,0.3417796110783736,205.5302313452038,201.52865624074374,184.29480427347787,37.75341626603132,39.868909834609305,63.40912858759872,2.520960268398172,0.09282926906499203,0.6682849934268682,0.9992764893418576,0.8970922604818715,0.9825106382997889,0.9593460081397122,721.6106079933404,1770.3008705233478,329.64145767419313,-1.9572597640725082,2.415193029689485,0.4935334988903254,0.0,0.4935334988903254,Brown Spot
642598.0,4092.073155641556,474,1624,0.291871921182266,204.49015081656918,202.58863506758232,177.1240221341212,53.63856101764792,51.42649773486749,86.73173266021499,7.178987628578106,0.06799170284010682,0.5571127167687103,0.9988521403179433,1.3780685739781284,0.9688551236560993,0.9922419645069877,905.947939835501,1863.323505617222,461.41153574681493,-1.2128296582550562,-0.2637557770206289,0.4032598962613477,0.14097021650383398,0.4032598962613477,Brown Spot
1082825.5,5553.477929472923,1655,1793,0.9230340211935304,186.70120462889548,191.51773380336058,161.62899874924142,70.53482052822727,64.8727353016948,100.19032210083692,4.282424582702574,0.05851958184100749,0.5748527496959599,0.99956856831015,1.26152734343877,0.971523951247589,0.9695837365335592,1175.427763488028,2466.4166035892936,584.3961255830054,-0.6629456627143303,-1.4058997668007023,0.4260578240450749,0.30393034135483504,0.4260578240450749,Brown Spot
912580.0,5291.298397660255,1704,1704,1.0,195.97811762987942,194.74796460689018,161.27127795135445,55.298349206480204,52.032331018912046,92.49149023542945,6.949296188168352,0.05790197907562285,0.4836689837682747,0.9989482655080135,1.6593666520556103,0.9819472230679748,0.9319278004527755,1079.1747800677429,2527.4061612305304,478.0717601781906,-0.7818580508678988,-1.2700276365814795,0.4171868833239304,0.08934292796742214,0.4171868833239304,Brown Spot
786884.0,4592.392630934715,1454,1454,1.0,186.34011804461062,185.0077427161045,148.4185006877579,54.14042180663531,51.33800055270531,94.03969964422288,7.212009777238383,0.05844702439142679,0.490013140562737,0.99888689538621,1.6989575237307246,0.9707948787549796,0.9385032019171047,1002.1315736518133,2088.423563468339,501.035852834003,-0.5163752205899833,-1.617493733300998,0.40340009326272974,0.28126683942176073,0.299417029012098,Brown Spot
648380.5,3767.4797092676163,1158,1158,1.0,174.86411790323976,173.15559105240706,125.58315808627226,55.33545048610273,52.51730065126077,95.70515821400922,6.667899680998592,0.05921995367452508,0.49667951049319137,0.9990113643255881,1.6717166515152193,0.942447005712218,0.950642599827119,909.7010760330072,1604.9216625432903,536.6144834466,-0.06049380298756073,-1.8925811946803885,0.4138664167587764,0.4138664167587764,0.4138664167587764,Brown Spot
808191.0,4449.9174292087555,1397,1397,1.0,183.25604309059858,182.37175940467583,140.83907790956079,57.24448286753479,53.77232023496917,95.89231315711507,6.50384214639229,0.05867439108866314,0.5104603801100818,0.9990799906738256,1.611033569683706,0.9648185833531667,0.9598301252731315,1015.5512803734716,2002.5668320137981,526.5079205444782,-0.3414544223718937,-1.7778205506001563,0.37401863520237777,0.2213381602888609,0.37401863520237777,Brown Spot
788654.0,4390.2362015247345,1373,1373,1.0,199.10956438524897,198.77406214641013,152.93878403016453,58.07578598698172,56.23599128507429,104.58346247361042,7.067970586424144,0.11763042971713514,0.49984594612270794,0.9990846793715582,1.7095324447539917,0.964438290053562,0.940370170333553,1003.2185589443839,1979.7986036210484,523.2768558177421,-0.3316240662016669,-1.7895014527230657,0.38272895753294184,0.22523199515987727,0.38272895753294184,Brown Spot
1076300.5,5636.251710534096,1798,1798,1.0,191.75640867803926,190.1812247200882,155.02788044063297,52.738019570064786,50.12159972928492,91.48381642675743,5.824063465063203,0.051635648586284076,0.4811411271828247,0.9990523420924197,1.6279437425990544,0.980061116014662,0.9390808670841826,1171.8699795645202,2671.427134792029,530.8026150860496,-0.6753829596749676,-1.3923985477484677,0.3785926248706358,0.3785926248706358,0.3785926248706358,Brown Spot
1074051.5,5590.996855378151,1782,1782,1.0,194.11695864997398,193.221963997123,156.5578232127989,53.01086696591061,50.460296052443844,93.31421848572094,4.56046269671574,0.05502503732005745,0.5143451239686274,0.9992708983445656,1.4359194918805627,0.9793314745331753,0.9410424415381844,1170.6388689240264,2642.774992272963,534.5326049541588,-0.658852324354234,-1.4190113746679087,0.37809825224782584,0.29562698760428263,0.37809825224782584,Brown Spot
1015020.0,5519.700399637222,1757,1757,1.0,192.7862434318341,192.3292591079701,157.02709772342453,51.69514829538031,48.85175202987644,90.77833120917163,4.963674102807773,0.06054618715027841,0.5293191949631028,0.9991573669542237,1.440344706432973,0.9798128388355806,0.9386995595559201,1138.069265748926,2591.089604166562,518.0028212801344,-0.7177924157855127,-1.3363409964426614,0.40839628279018475,0.11319886265065562,0.40839628279018475,Brown Spot
1075666.5,6065.403040528297,1946,1946,1.0,208.91422571823617,208.17603321541856,175.10242635432104,51.05509769418142,48.75814558417325,91.13364723989775,4.26320076513156,0.06303270449561081,0.5386447557509333,0.9992713561089126,1.3549431039083533,0.9855729041969267,0.9572710741101175,1171.610820085625,2893.075109056477,489.6571331140846,-0.9368976079897711,-0.9524044594434313,0.43521279823220926,0.34886189159727543,0.43521279823220926,Brown Spot
906565.0,5533.842512965202,1762,1762,1.0,209.95792496659843,208.74629619370208,175.0381145149009,51.495517039687066,48.818596541685366,90.48331676357944,4.124416913050513,0.06143675325643595,0.529591031446119,0.9992986026447209,1.364638745527545,0.983440293417938,0.9456372444966099,1075.6945779429082,2574.3996340754325,466.5646702118601,-0.9051801469905468,-1.009038892589263,0.4376974840339172,0.24588893029595027,0.2297264316125167,Brown Spot
814548.5,4642.383023142815,918,1648,0.5570388349514563,191.51729442572343,190.79444192430955,158.03780140977,52.01937798555392,48.69594812558112,88.35517903605911,6.65168502897295,0.058760887849401214,0.48110824343145586,0.9988607909829097,1.6936184354018191,0.9597675847773213,0.9801521055834055,1019.7320544857176,1970.579003114409,553.3299634635797,-0.8145631339951828,-1.1724272223121783,0.4413124331698648,0.24165670715515042,0.4413124331698648,Brown Spot
789366.0,4436.920039176941,855,1574,0.5432020330368488,187.74648795790554,187.87716651947386,153.88833716249925,51.82262471331252,48.658684923132256,89.17202672103461,5.363155326826344,0.06246937324274438,0.49420612901428407,0.9990821357308857,1.5598876692211563,0.9531723229489711,0.985071543080186,1003.8377153734102,1866.3755470439755,564.4436919131192,-0.730574245552845,-1.3117338208603988,0.4965258517146212,0.4965258517146212,0.10698566541201357,Brown Spot
746693.5,4132.139171004295,608,1533,0.39660795825179385,188.3972538912356,188.149419022003,153.6169574854399,51.09871986934402,47.62504697220195,88.574543632304,5.823815144284402,0.05802540862949495,0.4718781280002857,0.9989681466989477,1.6596240413258185,0.948449896247673,0.9878326655064907,976.3636137726145,1773.4281284684375,562.0474550590246,-0.726845917422318,-1.3045466927687277,0.46245903041429876,0.2617161538928846,0.46245903041429876,Brown Spot
549166.5,3330.943212866783,575,1149,0.5004351610095735,182.21202226024673,182.19291304884635,139.5952729925216,58.584258546337615,54.95642366170694,97.72456354587632,7.1399565748734695,0.057215360516099996,0.47745527844568625,0.999031192817149,1.7001513207970573,0.9104185677487138,0.9906473642653775,837.4314470828729,1332.3506110873057,551.1778946377414,-0.31244253968273744,-1.7835689475588385,0.4230798582437641,0.32008789686707206,0.4230798582437641,Brown Spot
818386.5,4739.584910035133,632,1854,0.3408845738942826,211.13473564839543,211.00999908067806,184.9229491847709,62.10447716789599,57.81851357165044,93.11048234184719,5.881872365347077,0.07674294080977213,0.5399228136020988,0.99926036157405,1.4840341706588518,0.9709222523011951,0.9621380872436012,1022.2100160419287,2146.964214684443,513.9725607792184,-1.1968525995909958,-0.43907291790061187,0.4193807927925192,0.08715979482260279,0.4193807927925192,Brown Spot
804185.5,4765.3173360824585,1355,1539,0.8804418453541261,186.39512548126024,186.74844428231796,152.30309252060675,51.5645448881529,49.5755916903911,88.16632494953342,6.604400033460331,0.052697499101262306,0.4690232672516752,0.998883108492999,1.7060408570914356,0.969172014034562,0.961757962269733,1013.1619713162307,2077.998286027448,511.98777211081745,-0.6581888424237214,-1.4058132399116583,0.3739858656977956,0.3739858656977956,0.3739858656977956,Brown Spot
872716.0,5109.147854566574,1477,1639,0.9011592434411226,189.23717269827395,188.71243794021638,154.4125679693529,50.15338448947427,48.655028666379295,86.6389230499908,5.848069901761178,0.05534834229578624,0.48479312695176585,0.998966592602283,1.610656308642886,0.9726139472412985,0.969772076803533,1055.4272689009508,2235.6382630377434,519.6217293417816,-0.7222120421642573,-1.306444636138539,0.4168317662324048,0.4168317662324048,0.08807518799958634,Brown Spot
965326.5,5606.718480587006,1535,1891,0.8117398202009519,192.08075045002894,191.42748989689534,162.13919870376,46.36870216802984,45.123524048457405,80.37224250233436,4.320141354620466,0.06311249937186886,0.5304554993349835,0.9991121951298719,1.3824918368546077,0.9797894851404212,0.9724414038162386,1110.0016763608328,2527.826187713379,505.6446354365054,-0.9926397573517266,-0.8143713866819025,0.6167110788770639,0.13044712786431298,0.33000802012966346,Brown Spot
1098133.0,6482.646540284157,1749,2233,0.7832512315270936,210.48219146543653,209.33662649718056,182.9386712242311,44.136700473673145,43.295216393690694,78.80893182091428,5.583811056697597,0.0635692463310663,0.5568702761048455,0.9987549389718774,1.4065313471598233,0.9860874876087494,0.9805205736410495,1183.9128230323117,2960.794740734582,492.16448381606824,-1.2577932321487022,-0.11043673255465913,0.5052879226161676,0.0665189642107295,0.2369773085326179,Brown Spot
977308.0,6014.299217104912,1562,2088,0.7480842911877394,207.79371288772919,207.8338718970655,182.27672152309862,42.988439827433744,41.49399809556544,77.2308818604079,5.1756391509563855,0.06111268267633764,0.519832533998819,0.9987668626925393,1.4423513466873015,0.9845970194022743,0.9801148895266083,1116.9603036915998,2725.97290302045,476.6066372587218,-1.2470773351923676,-0.16019980090264374,0.41479802604832117,0.24426291342509335,0.2364559173692016,Brown Spot
960149.5,6334.389619469643,1565,2284,0.6852014010507881,212.61738746047277,211.84154696035162,189.36089575390824,36.32868731261619,36.23562764830449,69.41391769487383,4.438537373244563,0.06327658655589789,0.5290309687208314,0.9986012883731961,1.397668789261679,0.9889272273332265,0.9848181409049996,1107.213684676165,2932.448619496411,435.17912010516653,-1.507887799605788,0.6752068680685492,0.40420369745294416,0.40420369745294416,0.254268713451901,Brown Spot
791074.0,5404.059544086456,1389,1885,0.736870026525199,215.7236912945282,214.88293029571727,188.70751415967186,38.475014028982315,38.81676074562356,75.26220358696683,4.315286061036116,0.0644751092556797,0.5358648796295736,0.9988119765693584,1.37131843191584,0.9842325901675613,0.9782771941982094,1005.064749438918,2443.9937263086485,432.2913584528151,-1.2628566099297494,-0.11845609131506674,0.3612665870956942,0.3612665870956942,0.3612665870956942,Brown Spot
1223405.0,7140.502620458603,2183,2364,0.9234348561759729,207.40331334226596,207.51067281787442,182.812193656397,50.411803121513124,47.45487078348231,82.2100451591808,5.369320309652547,0.05974227900744841,0.5563737310449987,0.9990118197087351,1.411030029365579,0.9891929900316293,0.955623024033827,1249.5427570093984,3349.262970498627,491.0666989261046,-1.239856388007297,-0.16043679477722295,0.4289404047632874,0.07806315333092452,0.25880980918246915,Brown Spot
655552.5,4161.251868844032,534,1628,0.32800982800982803,194.31992647103212,192.80160572958485,166.41301411418118,44.746632756663935,42.77298099030337,77.8887484969337,7.55507340049442,0.07072403463488793,0.49781715239493396,0.9983006771684021,1.657232300747974,0.9689793154815673,0.9905893872632094,915.0160180826666,1880.6499375646104,464.78727489473266,-1.1324748850199111,-0.4942020169754726,0.492894581430106,0.039712718320801255,0.4011884392105089,Brown Spot
917542.0,6010.546579360962,935,2405,0.3887733887733888,201.73001430664632,200.09271450244424,180.5318261936973,39.840815122424644,37.832833348066856,66.269777310372,4.185831306796365,0.06498632624473559,0.5579844856242512,0.9987852134392284,1.2945517000425484,0.9882832718709506,0.9893594034041739,1082.4873695031513,2822.839130534689,430.8523189687774,-1.6623579493834675,1.270150564581881,0.37065388167869334,0.37065388167869334,0.37065388167869334,Brown Spot
964991.5,5895.960792899132,981,2302,0.4261511728931364,213.26313574642532,212.13223816256178,188.96168952921985,46.06506457352177,43.59052531371107,75.77283646744296,6.826475362391074,0.05239481048107303,0.4864502688660442,0.9985083605719521,1.67957062448956,0.9847247252661998,0.9861077426941584,1110.0091322317762,2717.0279030945317,473.08453743881574,-1.4797946384761285,0.5996138336134758,0.3896303897306272,0.2436741123016821,0.3896303897306272,Brown Spot
853174.0,6023.793729186058,1624,2111,0.7693036475603979,197.38980315825543,196.0305911535547,173.98297496971156,41.42430423329826,39.53684150123383,70.68531900144676,4.836844019478202,0.0658188783704363,0.5464551287321613,0.9987196662651339,1.3819696422036682,0.989654258031507,0.9849235993208828,1043.782445685091,2804.770067000874,402.40826589467275,-1.450451572514899,0.4528328163136508,0.4404140797613492,0.26990315508660395,0.2650679986330992,Brown Spot
706882.0,5257.357252836227,1692,1692,1.0,203.38958679140887,199.33472774117106,173.43634556164736,45.39335455658928,45.95353926409393,83.34218992471096,5.875822914525935,0.05978912474842541,0.5049655589783144,0.9988133945748754,1.5562356964209072,0.9877562756533931,0.898566686649489,950.1053095245763,2513.549029439988,392.1260542700951,-1.2054608967822227,-0.20479762802381574,0.4061753662684687,0.4061753662684687,0.4061753662684687,Brown Spot
951154.5,6406.201168060303,2093,2093,1.0,204.14772628439303,201.5842344364956,176.748448232214,42.646413989948506,43.26811085852869,79.18972364695456,4.993074885875618,0.06596653043720554,0.5576323360098033,0.9988667539084127,1.3935338499724566,0.9898705669608252,0.9299784489063552,1101.9273979849393,3036.922751229163,431.16026300086713,-1.3437320407779443,0.19370655176713347,0.4037106531940312,0.18532836244852838,0.4037106531940312,Brown Spot
1536414.0,8064.295680165291,2699,2454,1.099837000814996,207.5230403147681,206.8357046597336,181.8421213461108,45.85461459575952,44.00683409371328,80.72618506946502,3.8972596719922903,0.06177751223333986,0.5418148562772266,0.9991723227150272,1.3227320279784047,0.9899291561658957,0.9771257073844687,1400.1253174229662,3791.2987112093097,536.7100673465569,-1.382408782508782,0.24763445467199574,0.4055617241106465,0.3582155893985733,0.4055617241106465,Brown Spot
1278832.0,6827.905536413193,2263,2000,1.1315,209.41330329071351,210.14998841084918,180.04813451772438,51.92750430569644,49.52808230473409,89.67695459434613,4.58874572027695,0.07019175038215408,0.5858423406670387,0.9992308435501053,1.289380973200133,0.9843956050899426,0.9804941303374912,1277.436854028696,3107.985079474197,546.9108254979677,-1.1857388013126928,-0.32950220195955904,0.5373075428476567,0.0,0.28304060390214303,Brown Spot
620959.0,4803.3875296115875,1623,1411,1.15024805102764,194.8002709814136,191.30026281932282,168.729565256675,39.08958852643604,41.057819827803755,76.002741132073,3.909664403423962,0.07027881704014222,0.5719087488483359,0.9990000390123474,1.2604525877623831,0.9854910629654235,0.9111568132417861,890.57357037375,2241.08112426722,380.3727040897133,-1.1814552298736627,-0.28095135816495587,0.39188369705889037,0.39188369705889037,0.39188369705889037,Brown Spot
760494.0,5573.072947859764,1902,1634,1.1640146878824968,202.7160322135867,199.6909048088182,178.66413294545228,39.743447639068386,41.53390923088791,75.89744747908107,4.921380689005897,0.06436148169650027,0.5616464114341508,0.9987658824583182,1.374826243976965,0.988019000567515,0.9079484908651992,985.4781998935235,2621.684000225159,404.6104850567291,-1.3225832133591193,0.16117997482613466,0.4033922030619701,0.3009497745511815,0.4033922030619701,Brown Spot
1037100.5,6145.388747930527,2049,1825,1.1227397260273972,209.30458834208548,206.32554846476074,179.89379647156144,43.274466263691004,44.698053192162405,84.7161056978015,6.235361809495485,0.0545183491150862,0.5077563758676809,0.9986741990508202,1.6188258277665935,0.9833229457975033,0.925766560311887,1150.5091437544413,2819.5279100604675,512.7820170122178,-1.0976120719321374,-0.4161909358805329,0.4072745164838495,0.4072745164838495,0.4072745164838495,Brown Spot
1583131.0,9080.691801428795,3120,2673,1.1672278338945006,227.36500390368178,225.5138359837278,206.9831868425378,39.19720114790247,40.577518075118405,74.93728596754957,3.651161717677428,0.2163632824941341,0.6591009080026449,0.9990481058287897,1.0541787925123929,0.9905558375885343,0.9155789228306767,1421.3941151950853,4144.718163349035,568.2820129339069,-1.6572496039208775,1.3889320375737464,0.40828825279550185,0.19050674114441832,0.3999853252487495,Brown Spot
1857128.0,9063.187188267708,3120,2625,1.1885714285714286,185.0557081073307,183.75809366781723,165.16885190664036,35.06608047573996,35.908196153481434,65.98116945242359,3.5386870997443305,0.061945467884469294,0.5856054044699158,0.9988234583880901,1.1979707705461153,0.9886318168870065,0.9548328302101726,1539.2365762940308,4135.215453040937,621.7572586016619,-1.3716902110720777,0.4841369796246884,0.42459744478906086,0.18127792059073028,0.42459744478906086,Brown Spot
2016809.5,9065.013532042503,3120,2577,1.210710128055879,215.65381913625905,214.34748181706115,190.89983296351085,43.00228992968466,43.07858432719408,80.0813184620629,4.2879915077975355,0.06128860418628959,0.5765384036788456,0.9990268707396323,1.2878254453679268,0.9876471204863135,0.9736385465300904,1603.9349232957788,4162.68612628415,652.2700087935251,-1.3139946457364866,0.22495184993881479,0.37187659406158263,0.261198064694401,0.37187659406158263,Brown Spot
2098954.0,8976.447961449623,3120,2451,1.2729498164014688,211.54520915516107,210.88527068951348,186.48759101742274,44.326093787056664,43.93481709110448,80.69014138629875,4.020852035908945,0.06133643376037264,0.5881010887634976,0.9991251542706626,1.2378387015891024,0.9866839883292461,0.9805871923130374,1636.219439037499,4149.622228235902,674.9320330284542,-1.2783697015097524,0.07233049475744924,0.6408699462609554,0.0,0.0,Brown Spot
2200271.5,8933.539232850075,3120,2349,1.3282247765006385,205.59246805144642,205.22754561143984,180.19792591222878,46.18346727930768,45.0262344243866,81.33117563941165,4.220961168520482,0.06319840536311275,0.6039745210155735,0.9991282421468105,1.2230891516840539,0.9846878967874652,0.9821968268907683,1675.189750524319,4095.672688810952,713.9844884231337,-1.2047217001840245,-0.13468027838710794,0.3763198569725317,0.3763198569725317,0.3763198569725317,Brown Spot
586364.5,4573.382146716118,1688,963,1.7528556593977154,227.9050521804317,228.00141085105906,202.8318595438108,38.883341761622304,39.99080985691972,80.41623745332522,3.669308371516784,0.17139818024845888,0.6267634226204284,0.9990485694641609,1.1170120267335661,0.9820320528828442,0.9617755373246308,865.5455246051422,2052.262096216922,387.2909878734765,-1.4395506080739666,0.3949157087266095,0.3814897673965063,0.3814897673965063,0.3814897673965063,Brown Spot
462961.5,4132.397303700447,1552,817,1.8996328029375764,221.17306609695504,220.82973790054734,199.77127409594536,36.50459429100456,38.36534448573116,71.87145206725974,3.878235774059968,0.07291046151713335,0.5616628703117744,0.9988624424933872,1.2703630680571896,0.9830644589346368,0.9528881891442547,769.2997544687112,1864.3143251018016,341.65445674825406,-1.5187067527989462,0.6679903033113401,0.1704738081547578,0.19059551450701076,0.19059551450701076,Brown Spot
732547.5,5647.648632764816,1807,1807,1.0,193.58764094254374,193.36173290306496,182.26897029904916,38.884235782384735,39.69952877857397,81.4038382004755,14.984771906471757,0.053591299690599455,0.41940081403599316,0.9960767160267522,2.2601143210144383,0.9909681038978625,0.8317505342654303,967.2618653004824,2738.041570427491,367.16532121714454,-1.3108670492096866,0.13516770919897825,0.42777850513501764,0.42777850513501764,0.42777850513501764,Healthy
709182.5,5542.694098353386,1446,1931,0.7488348006214397,210.1404286839516,210.22794837212683,196.7388430097826,43.397355225891545,43.72470781782569,89.18488865988644,11.563515910304469,0.050805172002178725,0.4035864049670409,0.9975458772279842,2.244346535795837,0.9890254822903937,0.8795230613861925,951.8117391513517,2575.5812909613637,380.5293480926415,-1.5108220078862313,0.6595936878331958,0.40345914243703995,0.3053958470807033,0.40345914243703995,Healthy
485284.0,3813.4035634994507,1179,1179,1.0,171.6348251598334,175.9885176048764,163.0104486126668,56.98383480783447,56.87611483065516,92.8773201833936,55.336219149202726,0.038207444965780595,0.2450579878958163,0.9925168924651024,4.5647760540644065,0.9623691405731523,0.8665381651333692,787.3418762541388,1601.695873941977,435.25370653345607,-0.677422865206909,-1.3307677730338887,0.3659923427690953,0.3659923427690953,0.3659923427690953,Healthy
1532524.0,7643.86510848999,2335,2500,0.934,189.93434816,191.57587168,180.70163808,58.803450591916025,57.22909281937095,93.26114041424054,29.759767587034812,0.0409039792389002,0.3031658290223905,0.9960742064186654,3.484246818727491,0.9857456939505123,0.9596776310280135,1398.2944570299733,3490.833119934407,587.3053297826857,-1.2260927810130564,-0.22463359818148332,0.3938189915948107,0.24468617624756234,0.3938189915948107,Healthy
1175393.5,6421.997035622597,486,2735,0.1776965265082267,202.81540996427248,203.25301792392608,199.91713778663075,49.420484087994076,48.268973755918296,77.86477259821059,33.16774305281586,0.045475095066763324,0.30170214442172255,0.993820755332354,3.5793806477842165,0.9871043645080834,0.9266885412956354,1224.9833080025599,3144.417365655559,503.35211657436713,-1.8953743418721944,2.0277843756538827,0.41574019428552916,0.41574019428552916,0.41574019428552916,Healthy
993030.5,5720.648837447166,556,2360,0.23559322033898306,189.71633330939386,191.64634228669922,186.52383007756393,53.529135004598196,50.59772093566482,79.28894888838305,20.1851256637041,0.04225194417715897,0.31378430524536793,0.9966148347893388,3.0404852314611905,0.983292341716698,0.9342216234826816,1126.0223426357857,2733.3808895256725,497.5667069533371,-1.6638529790950811,1.1565348732929044,0.39293350260714166,0.39293350260714166,0.39293350260714166,Healthy
861536.5,5683.890061020851,1555,1897,0.8197153400105429,205.43153646311671,206.13050848258314,200.33366753653982,58.71593294483375,58.4167906207097,82.85269270488683,29.409891033810883,0.04589115487889675,0.3157387343206368,0.9960610875094055,3.3035172123873133,0.9829420539460952,0.922967543296437,1048.8106814473435,2514.8707877553775,462.52376926013045,-1.2540274814260475,0.04871244016421583,0.37737172399076674,0.34235747837637476,0.37737172399076674,Healthy
1182999.0,5949.26978290081,1686,1935,0.8713178294573644,181.88798776782912,184.48572908946443,173.6552926172973,64.03983566264134,62.682538996052976,94.11944533832438,14.368787026125714,0.0384337366955664,0.3653113330626982,0.9983749991933918,2.5670239345427532,0.9712141057840363,0.9837776789359605,1228.5966269833584,2560.263671063813,609.8758768068285,-0.7636167097829838,-1.1981807908352708,0.4796209205736615,0.10296475671966987,0.16828515248777104,Healthy
1136225.5,5684.074367046356,837,2227,0.37584193982936687,193.13269868973444,196.1564225151219,192.33402284773413,59.84650994819671,58.68548378933493,90.07900674459287,23.85236929281291,0.04261833460544469,0.2753475384320471,0.9969441520315416,3.5294000647933093,0.9733606827753437,0.9912564329971739,1204.204745719331,2549.477944873113,584.5424286013093,-1.2825554500810326,-0.1431804032879742,0.3736665703720106,0.3736665703720106,0.3736665703720106,Healthy
455.5,109.15432798862457,27,41,0.6585365853658537,200.34512769594133,202.11050475020056,200.4574118092422,52.0020070300646,50.238184183837404,80.32548821365769,34.95895646599869,0.039091437571030556,0.25799329488378164,0.9940261904608927,3.8912532623906646,0.9869098100351417,0.9744044734389562,999.2063528036475,2545.6607846543016,410.54671735758524,-1.62038564226032,0.924709143194264,0.3285141674854318,0.38218416026511376,0.38218416026511376,Healthy
1096877.5,6888.052404999733,1338,2649,0.5050962627406569,204.89253635459494,205.88964902102705,204.25965010835517,52.20010617504538,49.5415296802302,76.5951203024846,20.995667292793613,0.043546785135917546,0.3012333057009808,0.9963062276594717,3.1234644778454848,0.9901428195030296,0.9359805441577163,1183.4217780808308,3241.7857223752235,454.049060855626,-1.82457750859326,1.697896621825235,0.39707145470474015,0.3889470835370777,0.16032353930832235,Healthy
686394.0,5404.404443979263,878,2156,0.4072356215213358,194.71171597750248,197.26212089659612,196.87572735705854,55.33480326490937,51.6791425993618,73.91996192491878,30.253474036735554,0.055744421352505055,0.30418689177793035,0.9950496385665915,3.3907855485581706,0.9901750990743718,0.964314711432395,936.5302374960688,2562.3548585271365,358.30181534600007,-1.9976548878399076,2.250345736156352,0.35355339053803103,0.35355339053803103,0.35355339053803103,Healthy
1400354.5,7629.664664030075,1545,2879,0.5366446682875998,202.9028247212058,204.5820528359233,202.8051258342592,52.52484094527,49.474798314081745,75.53472121637101,24.312994749306096,0.038543194915617,0.28634603428186156,0.9957094718903373,3.4399653284755223,0.9886534342162479,0.9373571001207304,1336.898856221398,3544.379081059157,532.4170253178071,-1.689878858290122,1.2404852581705006,0.35531013666775235,0.3410028550502012,0.35531013666775235,Healthy
482816.5,4352.8094292879105,759,1671,0.4542190305206463,203.05405908730657,204.9461407521772,202.9618485653638,58.24858829643719,54.83517804066668,79.60057574366442,20.206744141877827,0.04758336157826779,0.3236958010410837,0.9970610970850033,2.988171592183676,0.9868968955042382,0.8767174813287762,785.6760802775675,2062.966879483199,332.86414991436124,-1.745766768464528,1.3729159595306824,0.39682437386923103,0.39682437386923103,0.1987663601220501,Healthy
403685.5,4414.685750365257,955,1660,0.5753012048192772,198.49844825083466,200.23535455073306,204.45179924517348,52.1538296004828,51.28097048798774,71.11902986348879,44.602867164861976,0.04429120939491079,0.2723831021233374,0.992290615459449,3.914465819879881,0.9923566364164353,0.9002226103785708,718.6340320506642,2116.320574830883,261.16035721194254,-2.0320997835260046,2.58211680618905,0.3949917336451462,0.2665487648603505,0.3949917336451462,Healthy
443756.5,4995.763958334923,975,1961,0.49719530851606325,195.07696980461165,198.21584305481625,203.30142495646234,48.0961822905541,46.56303548087157,64.50007924896173,33.59493516427479,0.04856498595358525,0.3012452852054591,0.9930233288439598,3.37418877290845,0.9947518525093154,0.9475432128932187,753.5232944348911,2414.3838801783363,247.03232008755498,-2.3871059122542553,4.2427389263040975,0.40218555541602924,0.24828416308851115,0.3985466764887855,Healthy
905601.0,5981.913233041763,1136,2325,0.4886021505376344,200.4677181639496,200.13683006127877,200.71065769453116,53.668473770298576,53.35492761473877,76.6726715055003,52.265549201413954,0.0447849993780279,0.3069794938814435,0.9916708767503709,3.942084651971943,0.9864305390168498,0.9786293659276627,1075.3767225397098,2719.362175240402,446.4625572241083,-1.7950229842553005,1.6596034436113918,0.4054536360804672,0.4054536360804672,0.4054536360804672,Healthy
966741.5,6511.453548789024,1581,2329,0.6788321167883211,193.52445991983026,195.7606918645392,194.278690603902,58.237153760220494,55.85198134989274,80.7051104710351,51.558839022101424,0.049589071300674706,0.26143827950290643,0.9926867239553259,4.310276891251647,0.9898918527259757,0.8735567042355297,1111.0593361670183,3088.977997328322,438.0920097212635,-1.713137883665233,1.1920744536940937,0.3949882195111367,0.3949882195111367,0.3949882195111367,Healthy
1557501.0,6889.1436821222305,1427,2480,0.5754032258064516,188.92693662200833,192.28455108610822,184.39602952653485,58.84520597209787,57.72912500557326,85.77830068651177,46.52016031438275,0.03746811966677604,0.29256923478166197,0.9937749116588529,4.0015608531015365,0.9713700457813871,0.958301018894966,1409.6256139642662,2996.8141380308425,711.957734354471,-1.135826491892841,-0.4023661317572951,0.3961191543064619,0.3961191543064619,0.3961191543064619,Healthy
274348.5,3793.0633860826492,833,1446,0.5760719225449515,195.97040770647888,201.10411465596897,201.7097444373662,47.22498898132161,43.52300138319383,69.07754918020275,17.426470827530427,0.06205731214792688,0.3683399606238774,0.9961311357043112,2.528951360871417,0.9938141928783308,0.9508841202899749,592.7772177111533,1813.1413447885718,201.35953047893975,-2.131467772626103,2.8407138273244037,0.3867367169048512,0.30746599872113883,0.2050427335211091,Healthy
259790.5,3913.5486673116684,811,1530,0.5300653594771242,198.16388184031783,201.29201802725447,206.47511256354395,44.6827969331423,40.961626155668874,63.72776907969104,45.06556765282959,0.05617638606766291,0.30797976866266386,0.9886867810528966,3.6096893608108163,0.995295183084802,0.9472742290748899,576.9957796017757,1885.7085337727026,182.7046107704826,-2.4364061398243995,4.449790926115181,0.40399623816952573,0.40399623816952573,0.27797251134312045,Healthy
237470.0,3940.6482923030853,1013,1459,0.6943111720356409,203.1318863653126,206.2814160505966,211.71572208329948,46.78166552880917,43.408318755875754,65.48920562120001,48.390390847781745,0.05159915670478014,0.31633049564458454,0.988991224459844,3.586100557440643,0.9962879113356792,0.9314052419983171,551.7393372523302,1915.5202487587662,164.89500725063968,-2.3970724084180803,4.372797788582583,0.4009283648741468,0.1123738422162921,0.21793314869006145,Healthy
337964.0,4292.873691082001,1080,1581,0.683111954459203,202.54177433557334,203.7254981974835,204.7790652038498,49.67811292277911,46.139216474333644,69.87205891025327,29.638297344254156,0.047430958957379574,0.2869676657053707,0.9940450897227576,3.451330274862088,0.9942988110516716,0.9385201861852737,657.7095575436218,2072.1084199552715,220.94811864863826,-2.086191651475916,2.7321806067751417,0.4099044805003579,0.09833554703486888,0.4099044805003579,Healthy
445051.0,5307.608753919601,1143,2057,0.5556635877491493,210.06161372209482,211.47459981674442,213.19205511185942,44.97257733067771,41.1137785691773,63.120472826936165,27.006925436348126,0.052129239947701696,0.3009769873444491,0.9932503329335762,3.1830290514121846,0.9959729852757981,0.9481217557551235,754.6832357953089,2567.2907607110005,230.16749763146163,-2.5216808338033685,4.948765648405195,0.42274818210580567,0.23263153438471518,0.42274818210580567,Healthy
998080.5,6069.386322617531,2221,1277,1.7392325763508223,190.8671147113803,196.435301482452,192.34072717932727,57.89222696999326,53.45911072787147,87.27533134518146,15.357133991262764,0.04465888945908438,0.3268575165366746,0.9977585341625056,2.817026256332875,0.9842402121944572,0.915073257795756,1128.8247888735893,2784.6824265645314,492.4339424620373,-1.4602327433579212,0.3535945042596622,0.40502214592118035,0.3241403985461318,0.40502214592118035,Healthy
1039141.5,6508.4241091012955,2303,1609,1.4313238036047233,195.71072713968394,198.1948422350805,193.09729083381396,56.607365391235696,51.57313244939829,82.51150466552838,12.694907635679371,0.043217210623665396,0.3425645322868293,0.9980115299235913,2.5421389695682697,0.9875593331989515,0.916857984349055,1151.7943820684934,3027.900720078428,476.1277692469119,-1.4942734234021418,0.5415096541419371,0.3808966538372682,0.3808966538372682,0.3808966538372682,Healthy
1088545.5,6964.212995886803,2534,1651,1.5348273773470624,193.79486481873357,196.51227831873263,193.0024484687804,53.05888776370811,48.640556584979244,79.14848759539129,16.492459752264583,0.049400263004775624,0.3205296938686254,0.9971011430918103,2.8770270316588205,0.9906783505736823,0.9213713710756379,1178.89057167466,3300.317058631722,449.5754562710958,-1.7339289720263233,1.2629909654743914,0.3763467301710295,0.3763467301710295,0.3763467301710295,Healthy
1075629.5,6149.975072979927,2310,1158,1.994818652849741,197.14584677948315,199.45089466089465,194.59917580255242,56.92063408140643,52.248044410195234,85.36268688182008,13.93500906484882,0.04289838192842927,0.3471608122628878,0.9978733139026309,2.623862581766436,0.9826779788214594,0.9357902372907241,1171.7928353549516,2798.7038747244683,518.6594834622905,-1.4245436186892353,0.34093899954433793,0.38298162728136576,0.3307960271668727,0.2390822007862189,Healthy
933350.0,5323.622364282608,2223,442,5.029411764705882,200.24675513367893,202.85073726220114,197.33869259119632,56.67348973311566,51.81857404592338,85.48434499756523,20.27149192652059,0.040563125501549196,0.2991544631848069,0.9968763256177918,3.253130981114306,0.9819007696639893,0.9757113296743963,1091.6711261521891,2568.5221149380823,486.4680431116225,-1.552397380516603,0.6639574440252609,0.4422940104485329,0.2654803019566798,0.1501562350416117,Healthy
759426.5,4388.16773211956,1609,776,2.073453608247423,184.75099550732537,186.1040866691053,175.03912964713325,60.25704648434996,58.094629445209286,91.65948448556902,24.503522629240372,0.03527005852938075,0.27534965434601066,0.9968523761103267,3.5124463141099964,0.9585705007421734,0.9918049441246191,984.6606696935191,1879.2311057469014,535.3091157779501,-0.9080968891931737,-0.9608741727397891,0.41821391464882773,0.25696810372648105,0.29551313623395237,Healthy
436900.5,3803.706836104393,1429,679,2.1045655375552283,193.37187989859166,195.3770756806548,190.59987238258194,62.250025984210204,58.10911565007165,86.02343604955226,21.63174332014121,0.04503992570169445,0.29083552699391424,0.9972280451901709,3.290918116721846,0.9797545568287337,0.9257397429972122,747.3406087280296,1722.221196677373,344.7928487671295,-1.4188830856937704,0.2199729734021445,0.39130971157829725,0.39130971157829725,0.2823854733938123,Healthy
962511.5,6467.741325974464,2775,640,4.3359375,204.84547514000488,206.2260216540865,208.15421111922734,50.37066327782875,46.37639301840258,71.0557131781054,12.89548770111135,0.05463849328618872,0.34758500114520813,0.9974553454055806,2.5751507239034277,0.9918230738130136,0.9652821165413271,1108.8121102998575,3155.676297850467,402.7289651093391,-2.2347857913142666,3.3659804746947817,0.5015927462945684,0.20947144622647432,0.2936485709039229,Healthy
688218.0,5729.96023273468,1679,1929,0.8703991705546915,190.5623036671727,199.25894984763673,204.6132721999032,56.280879962574716,53.19802774740622,82.37692675435535,39.34173883443145,0.04178004720785001,0.2535281624663976,0.9940223701473222,4.097608515150929,0.991928242313983,0.8488627088475647,937.6824089276251,2748.5208335976386,348.5137650182409,-1.6065745696182259,0.8343809976721839,0.36155254827539,0.2914760427928887,0.36155254827539,Healthy
1207961.5,8309.084263801575,1912,3120,0.6128205128205129,216.07848978879028,218.43872349605522,218.69194259533202,49.02772338522792,45.72055057613163,70.08260601905965,25.514879132036075,0.049443273873455415,0.3114894130958314,0.9947660117685683,3.3580964682960515,0.9948655865757535,0.9239506869582792,1241.9851697856784,4011.282153199842,405.96206045795685,-2.167490325118519,3.230346878894917,0.4100258107983552,0.0,0.25047855455418355,Healthy
859449.5,5801.026473164558,463,2466,0.18775344687753448,208.76097784697515,210.36995071331833,208.72915922564724,51.40662811717581,47.98732408362621,73.35005613264316,12.130342557360223,0.04543568013449145,0.3838965520993554,0.9977328504266877,2.327272487986721,0.9902266042258187,0.8957504251236936,1047.8165642817971,2933.021082954473,409.06205085813366,-1.9303682120641288,2.2850211741673796,0.3876748479152701,0.3876748479152701,0.3876748479152701,Healthy
1068952.5,7330.157627463341,777,3120,0.24903846153846154,214.03646696252466,215.52702436719264,217.37454933021039,49.51015297551607,46.02290263844084,68.82882886095815,26.527460108022787,0.040918920430961604,0.2912571838750285,0.9945999187724208,3.527411399117074,0.9942715198791353,0.8738236506713033,1168.5432765578234,3761.1243321677553,402.0032266697163,-2.3266068661156787,4.045197133451233,0.41217229559770674,0.2404123418045648,0.41217229559770674,Healthy
1148858.0,7101.920915603638,521,3120,0.16698717948717948,210.03419882067718,211.6609832141683,212.44781455456936,49.272845532135236,45.29401694975322,69.81661879756786,25.04605344826169,0.043425420495724544,0.30516939598380766,0.9948244579345077,3.3689096398418297,0.9927367857414641,0.960588550098114,1211.2859982914565,3584.3191052939655,431.21718874474095,-2.2300825045709693,3.4847876605350976,0.39997365882643166,0.2640030491777449,0.39997365882643166,Healthy
1223327.5,6395.928055882454,635,2681,0.23685192092502796,205.1894165651863,207.4246416930112,203.56792261178413,53.299100990108705,49.6741782769657,79.33642047825796,20.088363525527903,0.0484139647688616,0.3079664767085105,0.9965557568994041,3.036915803303512,0.9850476153881121,0.9815776562853903,1249.6222337025006,3066.1719746540443,528.247200254635,-1.7006247615105476,1.153642181267207,0.3705063834385247,0.3705063834385247,0.3705063834385247,Healthy
815727.0,5273.237045764923,1130,1938,0.5830753353973168,195.88881220838778,197.27372303003,189.67047486530325,55.100817428077406,52.66676687250667,84.03543739221375,24.433977302574974,0.037042198697835566,0.2699290708163189,0.9962143569006091,3.5078209203959823,0.9801818927248567,0.9880011497640085,1020.5819982762738,2348.2194294312244,465.1813631939854,-1.3080588600508585,-0.064850821918089,0.37627171986726055,0.37627171986726055,0.37627171986726055,Healthy
995352.0,6341.48507142067,2222,1649,1.3474833232261978,196.60201519701926,200.27288930513214,196.90438548805375,52.36754528784685,50.36524293511069,86.54150080037478,10.005382708464454,0.054178169681782545,0.3926805391940803,0.9983415233014781,2.203128552386981,0.9878458172373009,0.9576819037146002,1127.2671656852401,2929.4286725262195,455.34141985562707,-1.454580575090944,0.3817267641071682,0.42788051752523576,0.1484614857021701,0.2415389811456608,Healthy
1124991.5,6019.5361396074295,2491,583,4.2727272727272725,194.62079834251963,195.65179471468625,191.61218201664087,49.315117164489784,47.4619093175133,78.60558592965022,15.091031327235882,0.04328402265130679,0.3183675731227966,0.997132536254183,2.803926101838103,0.9835558215663205,0.9480679181022201,1198.3907370168,2914.2058562676325,526.3183724234066,-1.6228444914185343,1.007198764436362,0.4254149572953262,0.41564769126041423,0.4254149572953262,Healthy
259.5,79.84061932563782,30,21,1.4285714285714286,200.4911075125147,200.15796686144242,193.3644423646473,47.954407985059795,48.30409247125067,80.87736486022528,11.553263138181613,0.04670505170158886,0.3622997570254548,0.9978381741552828,2.395471895244455,0.9763984787118337,0.985608833696099,1046.910896619982,2282.355799930521,492.9360745459113,-1.3861326618975576,0.23502407091086663,0.4340873954921625,0.14619571395141873,0.4340873954921625,Healthy
650598.0,4358.2194665670395,1669,639,2.61189358372457,199.8444794423816,199.22400981346306,192.15639578526552,51.80349549709879,52.16228197518232,85.56194917830513,20.323109157970208,0.03997941776227116,0.2995057435376931,0.996718786071968,3.1727110821827855,0.9727969757447449,0.9606281828618528,911.5948955881108,1935.7313570454298,448.43022424392586,-1.2736526185900232,-0.08524830775657843,0.46356398363522355,0.0,0.46356398363522355,Healthy
776997.0,4682.9015827178955,1881,509,3.6954813359528487,193.35124602865727,194.9522294208771,188.5803175717555,58.24076111949298,55.099698495757316,88.74464568650959,19.729343547456647,0.042622849794027216,0.2772422615743263,0.9972296057913,3.277650242627846,0.9754239086550164,0.954407119876649,996.1121407405626,2181.841823715913,480.7395157203529,-1.4372322930461776,0.42163527765764375,0.3779644729417336,0.0,0.3779644729417336,Healthy
1167764.5,5777.737150073051,2360,608,3.8815789473684212,205.3359142487791,206.28447033898306,198.0139094369434,54.26052683652235,52.56121870737021,85.8651716318931,14.780140787894897,0.04261663393337543,0.31701495366303534,0.9976994267104675,2.80599417305523,0.976916465344474,0.9913575688388062,1220.8400351185849,2699.362499633906,576.642336765756,-1.4159605606428953,0.31988569832619396,0.41218071724128386,0.41218071724128386,0.41218071724128386,Healthy
979131.0,4874.856988072395,1824,732,2.4918032786885247,186.51745008079408,185.84345153075947,176.88413382002153,50.87508926772049,52.096448900885825,83.61765298302623,11.01260243140765,0.04866279333704148,0.3657109850106693,0.9981854182565466,2.375539223470085,0.9562882008180116,0.9758039179816748,1117.8855312792452,2115.251588592665,618.5542409660446,-0.9240106231846308,-0.8944948021763763,0.37982144396346723,0.3517818743088943,0.37982144396346723,Healthy
1135757.5,5422.996158361435,1860,959,1.9395203336809177,187.3463359926003,190.96632182911318,181.75775176320963,52.91678496728479,56.466468467905145,85.78313121284509,14.546517956815723,0.03367715437913313,0.3309171626632692,0.9978763228516669,2.754800245246895,0.9468923868281318,0.9412309452858083,1203.8996679107634,2193.466607972579,705.3105700647583,-0.731402320122686,-1.1641713669608473,0.42463044501671715,0.07866579355505515,0.43458407379293,Healthy
1318280.0,5956.416301488876,2394,608,3.9375,192.5677100018216,196.03498425121563,187.94154227814036,56.966101000920084,54.53593707067252,87.7854418144785,15.711155064147345,0.04370879678815616,0.3057747822433442,0.9977398904224583,2.920208132812879,0.9727965225073752,0.9698338129073932,1297.009885950439,2755.864478997467,638.4269567762994,-1.28034217393764,-0.14464816595136343,0.3962249564914333,0.3962249564914333,0.3962249564914333,Healthy
866740.5,5026.139171004295,2029,554,3.6624548736462095,193.0235695281892,194.46407208828322,187.92774192639453,58.38920435929034,55.40836419203812,87.53877387188967,16.43899769904433,0.040824012709662016,0.32384772619459007,0.9977015580578257,2.8669015741180885,0.9777772472563965,0.9398150651013227,1051.999825096201,2366.901886554526,496.21269514844363,-1.4271348190589188,0.3726674954335065,0.36354376971874036,0.3458463570068942,0.36354376971874036,Healthy
1126337.5,7741.99352991581,3120,1301,2.3981552651806304,209.6767580950033,210.54364778517422,211.06460141354373,43.19595668462482,39.617836292372075,69.31146571058981,19.34058417803208,0.04577177109659781,0.3079765183868123,0.9949959105824754,3.1530166637893475,0.994119446076229,0.952866175427529,1199.3890315121992,3732.7734010643753,404.2186333997421,-2.2807266501692696,3.7697557631175176,0.41319660368085404,0.26023044839359505,0.41319660368085404,Healthy
1290080.0,8056.7642921209335,3120,1635,1.908256880733945,222.2929628944773,222.84186616535175,208.92870027942143,54.987356188498225,49.57743017851171,70.45015009985036,3.3980706546312507,0.12719735162487417,0.6499284737581393,0.9994069236337367,1.0385987249364934,0.9893063962041592,0.9200835588026937,1283.3779082369979,3536.060384374416,515.7420674121038,-2.072467920054903,2.7514773530114267,0.3880054665947874,0.37794178069470485,0.3880054665947874,Hispa
437896.0,4066.6197320222855,973,1446,0.6728907330567082,198.66454319542248,197.03793122248814,181.47997097922632,56.00304628607228,52.84990362151104,70.12871027881661,5.747176556734484,0.08415331256603284,0.5383068274786074,0.9990721141411122,1.4408730443605318,0.9833643197376744,0.8492478327383988,748.1919706858107,1851.5234185221532,336.31848643464406,-1.510408364609981,0.580605557366678,0.6890992050706711,0.18951926187148077,0.11986250178635156,Hispa
1496857.5,8945.389390945435,3120,2731,1.1424386671548883,201.4064017299474,202.60514618261013,200.28888282790928,49.77475237007783,46.38423998445068,75.47222797999171,18.664675972739456,0.039376102802938275,0.32576569975595865,0.9963503862798444,3.019883920717522,0.9948270487812588,0.9650031837506512,1382.14150392055,4401.5979628617315,447.1283301570249,-1.7493799250422255,1.5929891174708954,0.3590114108111547,0.3590114108111547,0.3590114108111547,Hispa
1801825.5,8754.651927113533,3120,2266,1.3768755516328333,203.90274572649574,207.1813382437541,202.77843708908614,52.02494089452993,48.36199836628248,79.42971945271533,15.38014444143011,0.04349237971505329,0.34556581174498746,0.9972405932750306,2.7651100369118966,0.9895761002687244,0.9679318547221935,1516.1872615554382,4073.62657502412,586.6466640996669,-1.6004778333797758,0.9419320274965286,0.41571512027175944,0.0,0.30452880547164235,Hispa
1058809.5,6971.570629477501,409,3120,0.1310897435897436,207.99664314184747,209.42981724605522,210.42688126643657,44.05218226860212,39.24971780853573,64.59195013657664,30.90356366274529,0.03959097932236888,0.2836877475411053,0.9918448229106575,3.586165540401674,0.9937322511625606,0.9758923797466958,1162.9714210218413,3543.227020017857,396.08481125041385,-2.3054367536454055,4.041581948864895,0.38561943287264083,0.38561943287264083,0.38561943287264083,Hispa
1356402.0,7635.481608510017,2498,2498,1.0,191.03819612936147,194.57557623360498,189.92604027176907,58.12643239405874,54.768039267660875,82.9753566098522,17.464086928333217,0.04377092621531651,0.3097936563850012,0.9974811227579209,2.997464852138018,0.9915392533142418,0.9481670528464075,1315.6093004680333,3731.0405418073856,484.31592531831365,-1.4093674978006427,0.2746587198312742,0.46116272388206553,0.46116272388206553,0.31479136200760754,Hispa
1085041.0,6183.492756128311,2428,985,2.46497461928934,198.36945360823344,199.81738703999739,197.94516727552525,55.52008360747309,53.206929895435266,77.9758986144356,15.165666455560016,0.038544122947508495,0.3104950859484451,0.997631828226224,2.8546405111631983,0.9839662964574606,0.9661859603439487,1176.9313856949102,2860.5761569450347,510.19662830362614,-1.605385404093852,0.9799823749043637,0.3961940352189714,0.2814442147369023,0.3961940352189714,Hispa
600874.0,5738.518661141396,2030,1635,1.2415902140672783,197.97330850057025,200.1138748817006,200.78312431750345,49.58023708611498,47.34091954963964,69.7506487120862,17.003373255286036,0.04541623172712611,0.3354230687648943,0.9966625735326373,2.707253688511655,0.993984462457733,0.9456176160734442,876.3540656104641,2738.664937812659,299.9418096627269,-1.964127388180802,2.3587909675727667,0.3698762699533136,0.3698762699533136,0.3698762699533136,Hispa
322217.0,4006.0065912008286,908,1148,0.7909407665505227,187.29361243307554,190.18355585839333,178.2460535820515,55.2247039469762,50.68531177262528,84.96415034875238,22.876820003098523,0.03841401392739758,0.3207367131095769,0.9963294811395623,2.9761945265485785,0.9609879833336014,0.7812808285756324,642.1974520459078,1429.8679394177743,395.48734858403986,-1.1533950727540851,-0.2654442512349613,0.35590334137188795,0.3526181006370479,0.340084319527386,Hispa
308749.5,3536.0827107429504,957,1231,0.7774167343623071,186.20499141788656,188.29957350096777,182.0450381130305,59.57430999786985,55.64015178680631,83.05793584606455,53.80584031754209,0.044681133555508956,0.2546763839769455,0.9925090075306454,4.551714185704001,0.9876399298533785,0.9283110898318272,628.4808599204723,1634.9899085920722,256.26801242497606,-1.5088448926067566,0.5127461922348888,0.41168864940402194,0.16335530204165977,0.0635632330513312,Hispa
583767.5,5532.712533950806,1574,1955,0.8051150895140665,212.42143026275338,213.43786474447447,209.9551923391396,50.942696444890466,47.12119899329275,80.88230594447928,29.70070600800509,0.04369155102307451,0.2864832136790238,0.9944921525741447,3.412793482841937,0.9941798029777745,0.9686092947298128,863.7792272891095,2670.9893576570544,287.7551847946593,-1.9330511942608015,2.1511123869707784,0.38699960571755826,0.2004746835398327,0.2473817534336527,Hispa
577158.0,5606.400911808014,1634,1979,0.8256695300656898,193.27316331332452,194.75263332193694,191.32244683374523,45.08865174448155,41.14349562582516,72.63421124660528,26.831297889722784,0.053748086261912686,0.31141492030701345,0.9935941531618772,3.143331574045169,0.9945881356196623,0.9725339653615418,858.8966952222198,2694.383907571042,279.93651010034085,-1.9891704674118142,2.3761975243738718,0.38359891878207036,0.33270124972044784,0.08013173604722147,Hispa
900513.0,5750.116674900055,1817,1862,0.9758324382384532,194.71559864830098,197.0869037139419,188.77831605252197,57.264811626729944,54.66726331955659,88.9673251049262,18.575516956973686,0.038465012063950546,0.3324673499853374,0.9973525085768657,2.8329885702973177,0.983740029141869,0.8941283896672652,1072.1514222612816,2667.7817246189848,479.1291048548978,-1.0866501007063556,-0.5340403739576032,0.3972692144148775,0.15673983612018408,0.2810255449314945,Hispa
756670.5,5158.566228151321,1620,1620,1.0,192.7510093735711,196.50523129096175,184.1828856119494,64.28896403068423,60.28591017495274,95.06981326511747,36.28510092344764,0.03527686213837642,0.2591391149041955,0.9957482514978794,3.974168248957213,0.9828576658313656,0.905487568393229,982.9115260041824,2351.7016251792184,433.5737373889292,-0.9746756899076483,-0.8015949362577177,0.4038349279137848,0.4038349279137848,0.4038349279137848,Hispa
1747836.0,8361.813939332962,3120,1638,1.9047619047619047,208.41537280161077,210.05622462606837,199.70297686554898,43.08769079323896,40.71980880094686,81.6194623623198,20.49420271536735,0.034015228449456,0.29288817775710474,0.9950767404232752,3.2814868136565796,0.9864682981112776,0.9680160535945119,1493.373060026727,3755.5609391222442,615.7321682400247,-1.5513636562352489,1.0043984865817661,0.41385940162471413,0.41385940162471413,0.41385940162471413,Hispa
219725.0,3055.673546075821,1040,887,1.1724915445321307,200.1054040310651,200.1309014423077,193.15366586538462,55.99883315178574,55.04756715905298,88.21378629351653,29.403440808469682,0.03844241330830083,0.28256160964339117,0.9957677703996051,3.527004516176797,0.988443735595147,0.9274019918496166,530.425830742398,1376.8333932345677,208.7116920721689,-1.465475063883739,0.433697198378713,0.4077604031073327,0.4077604031073327,0.4077604031073327,Hispa
507276.5,5364.840405344963,1595,1795,0.8885793871866295,198.01761500919451,199.03579798418696,197.19221173020074,53.16934715272218,49.69160636880129,75.32599527967339,19.285464392294966,0.05912314779639299,0.3502646396141502,0.9966437282607907,2.736434664604703,0.9939790493895071,0.8227410436288,805.397971005838,2622.934317864026,287.3956849194136,-1.8679959995431072,1.7270612606926123,0.42814626622842683,0.42814626622842683,0.2337891857585025,Hispa
970609.5,8130.9034658670425,1745,3120,0.5592948717948718,216.67033869575937,217.33856488330045,219.42633362097305,48.823291596994466,46.303985545377515,65.55070981459974,27.109753598704383,0.04482462170247789,0.2983377274907628,0.9943950258586077,3.4369300852508613,0.9965337920178955,0.8394940862976534,1113.6776550694815,4019.3401170525876,334.3646831688043,-2.5551557513704286,5.201750572609486,0.37192417137674255,0.37192417137674255,0.178064243671336,Hispa
1130376.5,8993.048008441925,2497,3120,0.8003205128205129,222.33802689431295,223.41096893491124,222.64164478550296,48.739121480082545,45.52401447974563,70.18634352833435,19.279403737226758,0.09238758254022662,0.3693383143513028,0.9960131842443696,2.892511776456951,0.9952621655518848,0.8472217449315466,1201.6411682604175,4123.586582544483,400.92675803144726,-2.30911545189729,3.8176467307958077,0.3846893697760476,0.3846893697760476,0.3846893697760476,Hispa
1039481.0,8123.326903343201,1747,3120,0.5599358974358974,212.78031917735044,213.82144723865878,215.01545108070349,47.142025324173936,43.83693004777656,66.96457951717608,23.15541881438002,0.0449001014805351,0.3057756109137269,0.9948431957153071,3.3122039443937488,0.9945643368193301,0.8723820358179492,1152.341997391996,3744.9563336115934,389.93933966327216,-2.4011761209745215,4.353582165989163,0.4216896141302564,0.1558918875066913,0.4216896141302564,Hispa
1138084.0,8315.964426755905,1851,3120,0.5932692307692308,211.9542552186062,213.02778692061145,213.79150569115714,49.59881106107656,46.24671500335144,69.63768878323306,24.60479731340584,0.04246281167271608,0.287561401397179,0.9950423552263981,3.485831257552963,0.9953276085160082,0.8798212381087429,1205.6503029516286,4059.563030124998,391.9728679300696,-2.2895813520064987,3.766105258650252,0.4179439081739762,0.2072121537888713,0.16192264872454099,Hispa
870021.5,7873.540986657143,1553,3120,0.49775641025641026,218.32532143737672,219.21402695595003,220.912973578238,46.45426556800297,43.52508397776085,62.807013191367304,40.57489610822009,0.04358063765160266,0.2842019274798311,0.9906337501116355,3.949952626992544,0.9964298143539989,0.9450644454831897,1054.54926693926,3736.1941533815693,315.4291747670014,-2.766545509463453,6.41570318973864,0.35355339053803103,0.35355339053803103,0.35355339053803103,Hispa
246681.0,3783.653347492218,1387,986,1.4066937119675456,203.36409049111407,204.30493214102108,205.899198916294,50.106116817643596,46.88673178744632,70.45013443785737,14.8330914459249,0.05731261253874253,0.3768646610295023,0.9970925827834551,2.5094669009593304,0.9944254206431484,0.9203126100641755,562.1944666993203,1762.6884103244317,185.86195485095575,-2.183084456972127,3.0892247943575395,0.42089067945470887,0.2705474306911844,0.42089067945470887,Hispa
384991.0,4301.005709409714,1494,1215,1.2296296296296296,189.8576241601838,193.82895392368223,196.33719348612658,55.384782781896114,53.224694357314405,75.96621627432688,15.729181517317318,0.060185503914688646,0.38293474090317015,0.9975312419691386,2.4039843230927733,0.9919849760712034,0.9088322034097451,701.729378526209,2025.0278125361915,255.87416196967976,-1.7594928554684608,1.3886445569256187,0.4116987437914164,0.22047764715890472,0.382363757187317,Hispa
740814.5,5679.337551474571,1116,1749,0.6380789022298456,199.71644762456762,199.04965444601032,185.34405317291495,49.46981385189466,50.693863226910764,90.87599389457796,25.049349546586278,0.037257261111437824,0.3025663009796733,0.995807229113285,3.1956430153615076,0.9713052560791323,0.8423607081988613,972.8650653084001,2094.3079094589143,498.1024174567825,-1.1545490596528132,-0.3358875665115404,0.4189986992584125,0.2987752903629072,0.4189986992584125,Hispa
589135.0,6081.060422301292,1054,1998,0.5275275275275275,219.25422770117464,219.86872382893404,216.80377349321293,45.41673649330412,45.10706734168555,71.01209862737468,25.72241796127625,0.04722516827257662,0.3381918125398881,0.9944142631268676,3.127411838478438,0.985402629426639,0.718996981518816,856.8834425864374,2474.1909082196808,421.20626253389764,-2.093215097192526,3.2722272100595244,0.3970243152617084,0.3912487644616871,0.3510179614526107,Hispa
474307.5,3771.176960349083,817,1338,0.6106128550074739,200.00831786058214,198.55296819874832,183.55533603240676,49.19936068490667,52.36549116860442,98.53313310313803,31.65785960805095,0.04302252340059513,0.3007207918736434,0.9950459756126714,3.5890577816833305,0.971211344525266,0.9613504812760784,778.5039431445811,1641.436883983486,391.02225340623374,-1.0915526483935745,-0.6039794654572397,0.2666842727273448,0.0,0.05387835841542778,Hispa
354157.0,3177.7425305843353,887,1053,0.842355175688509,181.09688954544922,190.25279105779265,183.3964848770167,68.71305007065118,71.60468544057521,100.57999262755968,24.67156305179119,0.04664156430012784,0.3316003085879206,0.9977414832800469,3.0577130703873414,0.9685700864399979,0.9244811983148697,672.7827718910097,1385.2837648050445,344.57659764587225,-0.840180339874571,-1.062926228914376,0.45085591078404513,0.09110261500598783,0.45085591078404513,Hispa
530094.0,3905.7812019586563,1109,1270,0.8732283464566929,171.805551491103,176.48947795895592,172.46122202244405,61.87132696019382,63.319306261960605,93.82173547748707,44.93519790522639,0.03928631058166915,0.28976383625809865,0.9948785369947075,3.8384548562635343,0.9682999975909756,0.95080642277295,822.8259727511239,1703.031203039037,425.4004047589884,-0.8410802628321529,-0.9932135097242596,0.3765421873194097,0.3765421873194097,0.3765421873194097,Hispa
589646.5,4389.396426796913,1150,1467,0.7839127471029311,192.53170152349648,192.4382653319635,191.6117205189934,52.08003536545718,52.82476012641976,78.3987006737486,15.784111294313925,0.0413156969782565,0.3616689167484417,0.9974257909432324,2.555319809803861,0.9745929294875443,0.935182477136014,867.8585636440778,1895.7938438118942,424.62659763469617,-1.1426592080888027,-0.23753677616514546,0.42260111115836035,0.2722235383846448,0.42260111115836035,Hispa
488266.5,4665.542734622955,1217,1640,0.7420731707317073,204.7871757882213,203.95948096371208,205.17781937834621,51.16649366469577,52.66054618702439,74.56579313208843,79.22981182755696,0.04012007698308563,0.27749367084964777,0.9867094923745239,4.293878257116921,0.9886056790648543,0.867871318153332,790.0515775916555,2134.990816631715,321.37683755168007,-1.663352933088551,1.2106162535191176,0.36127003710347316,0.36127003710347316,0.36127003710347316,Hispa
603508.5,5507.496387839317,1907,1675,1.1385074626865672,198.82697037849954,202.56033040307162,200.48842739566012,52.70378994359983,49.26736065125271,76.03549408732499,19.979614784213023,0.050646535720744526,0.32215909858890657,0.9964763387143296,2.90464660215223,0.9938725110792664,0.9059767821377126,878.1653911511479,2702.50631094153,298.7147563782419,-1.8151606436072294,1.6509321161540829,0.39491173981206407,0.09238473266378253,0.39491173981206407,Hispa
395313.5,3709.1163314580917,1185,1185,1.0,183.41297584076625,187.06438426890278,174.62552368744326,57.79733842535453,54.60468743147787,86.67180096873305,15.412370994412136,0.04965944070388856,0.35244385604557177,0.9977895483434358,2.6006108165127158,0.9837381318674697,0.9480537477183023,710.7946896173191,1693.0267556800607,304.08234782230153,-1.0086596002778514,-0.7393096318356509,0.4126002112573449,0.18662184218356082,0.4126002112573449,Hispa
385664.0,4440.226049423218,1595,1217,1.3105998356614625,197.1960173347353,198.83143915645482,197.16662414874068,49.304142277798604,45.148527423344945,71.30650965842185,30.92486558135327,0.05726694002154121,0.2950913792141917,0.9936299282516805,3.4648072906628693,0.9933995336727865,0.9647555045403277,702.381363590638,2098.5486663019246,240.71520913750712,-1.9639169502529497,2.1798066557161313,0.37916534865602136,0.37916534865602136,0.37916534865602136,Hispa
291524.0,3387.732430577278,1200,886,1.3544018058690745,196.53036458333332,198.09683333333334,193.69405138888888,53.3826515222655,49.873486147729636,80.94108194752683,19.658445232137893,0.06331193476276074,0.32612980558710514,0.9966684985535446,2.868090770086183,0.987033589604129,0.9713415078949288,610.7262987241934,1543.421460209534,247.74050609377548,-1.5155265919019412,0.5157020179054377,0.3758063381006072,0.3758063381006072,0.3758063381006072,Hispa
356825.0,4127.736607789993,1087,1468,0.7404632152588556,185.62360558397492,193.1741535129075,201.4523583032022,51.94326820665447,48.91493276055873,80.57647122807124,18.39991576722407,0.055714711786563925,0.32846548718243374,0.9967741249850736,2.8856974232385877,0.9921523036721543,0.9358994103382658,675.6570130824693,1957.553484968954,244.76313126222468,-1.7903090424815187,1.411860429466886,0.431442952966481,0.1926725167383501,0.31483151331304493,Hispa
513091.0,5394.296798348427,709,2254,0.31455190771960956,207.93476095735159,212.57070699117963,212.91382194249562,41.95183266110726,39.42581099648053,63.39567254027886,33.954175070132266,0.046853259631436744,0.2979400418035515,0.9907236931038097,3.389896976564029,0.9941571816292939,0.9709327507956536,810.2163157310716,2536.9043459558097,273.838797437394,-2.5231658260700147,5.161863541729117,0.3845550647914313,0.3845550647914313,0.3845550647914313,Hispa
529611.5,4346.827883839607,1605,979,1.6394279877425946,206.2922331887307,213.3647872206209,203.5968160246892,47.47619946838427,48.94160991346492,94.08800981121328,15.446591853699086,0.04948481579829983,0.3509921786918234,0.9972873185696794,2.7099334995843725,0.983331640158836,0.9586281529845698,822.6317513371976,1964.4010079822974,357.16940656764893,-1.464039383042368,0.40536405526408226,0.39625655546640504,0.39625655546640504,0.39625655546640504,Hispa
671988.0,6407.19900560379,2253,1884,1.1958598726114649,212.56286759932854,212.83977156068872,208.62107908004103,42.39532652972411,41.23906188743017,75.52457253800755,20.78938699456576,0.04169772622858568,0.2865236121999365,0.9948931106056329,3.255501644146861,0.9958995942313056,0.9567668159781224,926.7380228890947,3141.1936286872588,284.1695049866059,-2.1985197076792153,3.6184966940305783,0.4243812159854598,0.2900006345583888,0.4243812159854598,Hispa
662835.5,5558.1499400138855,1788,1379,1.2965917331399566,191.34738362636318,191.91633134643584,195.33904441241384,45.15345731648813,48.97540885826674,73.38662860355365,25.01627651357242,0.04471548016958393,0.30579998471573067,0.995073640760806,3.282282930786478,0.984138721597027,0.9369251485282394,920.2933481041027,2278.854838724948,404.27023993639466,-1.6574457278096342,1.3973944053106884,0.3835183825960942,0.3835183825960942,0.3835183825960942,Hispa
371445.0,5173.10919213295,1012,2061,0.4910237748665696,202.9540970322674,212.76526918787746,229.73300882991137,36.946804471986646,35.127424572834336,63.26159102368979,17.480642350070426,0.0588838185688665,0.37178402151504425,0.994151252562321,2.6370208636584183,0.9968856156229595,0.8833234842217232,689.7803168198429,2562.189855772229,202.05704985472218,-2.8634635095208956,7.049144746360904,0.3728301282305397,0.2200648548869136,0.3728301282305397,Hispa
320888.0,4484.747589826584,740,1833,0.4037097654118931,208.8441600302867,211.50540062484208,218.08955950628132,39.799736929796865,37.83735835447967,62.98612349442708,34.028548958087654,0.05801453077230358,0.3136344822951147,0.9899404395744701,3.27635840498193,0.9956936590506567,0.9070986518488969,641.1924638947648,2163.3157513395145,200.54925682220247,-2.744922094492699,6.256755937678591,0.37540986587911496,0.37540986587911496,0.22650376409913975,Hispa
259845.0,3435.22869515419,576,1375,0.4189090909090909,199.44064370247935,200.60538023140495,200.38820654545455,44.39210698516133,41.502467464217105,70.12104145466128,32.18494534868334,0.06466744627147732,0.3275268917283951,0.9922280237538881,3.1687600899827975,0.9914249323986016,0.9686252857889257,576.9097130346927,1626.2932507111136,212.5199014993254,-2.125001333287027,2.8784760940294145,0.4060731228332416,0.3293245920733365,0.4060731228332416,Hispa
349173.5,4450.326558709145,1231,1584,0.7771464646464646,208.68213901961533,222.23236268939394,221.8402510745077,56.379686215478905,53.53688596275251,78.86994877382703,22.596206856945958,0.06855426211047853,0.4028340230707032,0.9965434976290523,2.611669442370643,0.9948205055987216,0.9515010545606358,668.4958551624134,2144.3291963431557,217.96514699843615,-2.0859544005527217,2.606874683372858,0.35355339053803103,0.35355339053803103,0.35355339053803103,Hispa
479093.0,5796.342045307159,1620,2095,0.7732696897374701,206.3543210621949,212.15402464100796,218.5331744521847,47.69245661037949,46.87704088825699,68.69994552322608,38.078170155439,0.04310520329005044,0.275185055058232,0.992241458233308,3.7845146833890673,0.9969190335029182,0.920473643856989,782.9162718121415,2896.375697336645,227.1844546053567,-2.4369832114143923,4.478179141062512,0.41042352048782516,0.3413942098390704,0.41042352048782516,Hispa
351445.5,4493.615887641907,1200,1622,0.7398273736128237,200.6940363011064,202.3009976874693,205.84890743947662,50.543607478897194,48.319486153553285,72.26908673637364,33.39061379200703,0.05613627647665184,0.32338491244153167,0.9937539675121189,3.252610808660377,0.9951274910964402,0.9076703706082601,670.6864038284929,2201.448326205671,217.05517415554516,-2.139060506573854,2.9267453937056445,0.3836964677753494,0.2962353752218939,0.3836964677753494,Hispa
384791.0,4820.000666499138,1178,1811,0.650469353948095,203.02140151555574,204.8155394925361,204.5803161305489,47.94352983254944,45.89361018348873,67.19976992227346,28.237346052820243,0.049866898209382116,0.29298989833192185,0.9940997125237404,3.379119316881794,0.9952046580374232,0.9376165069607227,701.7702020364591,2294.025811757027,224.38913094781236,-2.3388858535345136,3.9195249577674547,0.40786904151191095,0.06423377137817571,0.40786904151191095,Hispa
363432.5,4365.337551355362,973,1639,0.5936546674801708,200.26503720143646,201.18646394083208,202.01983195604694,51.27484691933916,47.99047842870876,70.75558423464254,21.976737654590004,0.061180207386598476,0.3305145568591915,0.9958669244816224,2.90562681166708,0.993713753110663,0.9308714896176005,682.0060344640517,2089.405698325129,233.9105952013912,-2.1059483916856485,2.680240143716232,0.3659030118549522,0.3659030118549522,0.3659030118549522,Hispa
368403.5,4555.219801545143,973,1748,0.5566361556064073,197.38640368332034,198.2848744429724,198.86986140420697,48.14926285689035,45.34819002882928,65.72750302102804,27.62923069164662,0.054933859000867134,0.3017748008986208,0.994128009486282,3.240938372286457,0.9946686023971665,0.9565365613031025,686.7093491307382,2180.679664324608,224.87842226264786,-2.2765634324425594,3.487244214319822,0.36176493538042864,0.34708396687390664,0.36176493538042864,Hispa
290441.0,3657.8602870702744,804,1362,0.5903083700440529,196.5990434728233,197.68304794926698,195.6806771160145,54.459979651273976,51.670527198825596,74.57767915064129,44.36327805955929,0.04736946503350035,0.2541350305218685,0.992692967076324,4.10007865426756,0.9912740697590262,0.9457764017397668,609.7780228961917,1717.0221587367578,226.33269123468546,-1.862121850797349,1.6970258602858133,0.3637336170861021,0.2718179359046613,0.3637336170861021,Hispa
553833.5,3772.9843287467957,1179,1179,1.0,156.38935829950339,158.58808625069332,127.83520198325085,67.54065910301998,59.96432375870597,90.07462254811149,7.633194658648591,0.03838148510390205,0.4276692680387502,0.9991126991811508,1.9281426088409073,0.9671426785729593,0.9205622270289981,840.9180920344842,1700.6094075135945,432.35310846371686,-0.33436259682710673,-1.6909361231533149,0.4287955973082471,0.13757224407280438,0.4287955973082471,Leaf Blast
897601.0,6122.63225710392,1449,2295,0.6313725490196078,210.45189842209072,210.70864745416029,190.88604755643217,53.58750303520683,50.9532769962254,77.97582149225204,5.8880641518948496,0.05989397420392928,0.5612951616072371,0.9990177632557966,1.3859210050317363,0.9886643650522271,0.9451235709208577,1070.5827010832877,2812.4883366472327,422.2740578987683,-1.6447848827952773,1.1094711119804757,0.7071067807446058,0.0,0.0,Leaf Blast
408882.5,3631.1020505428314,1006,1267,0.7940015785319653,212.92169322782377,209.8880226551107,181.28898970839518,48.3924096281163,49.19627137094345,86.7213171902143,6.9724835444900375,0.07896737491186656,0.5696787766327441,0.998758277524305,1.352346164828163,0.9794253581802048,0.9615611717457625,722.8473038268745,1651.0501919169774,333.19308725871,-1.202035044393092,-0.29138075298370314,0.4479329101919635,0.16889080052937974,0.1229173443740875,Leaf Blast
395102.5,3401.666412949562,893,1178,0.7580645161290323,206.84945491913143,205.52026181753195,172.48350633141263,52.070658451027484,52.201630884117954,91.00850108513139,6.2391313128107635,0.08498060493203154,0.5806830885499916,0.9990178837918934,1.288397597990921,0.97244484904145,0.960943728629553,710.559991856747,1500.6435476526074,349.8495961893121,-1.0400702143767193,-0.7047718690975069,0.3977721859439049,0.04575524664834575,0.3977721859439049,Leaf Blast
405850.5,4196.919525742531,1297,1420,0.9133802816901408,216.74644564570522,215.61545725054552,190.64597054155922,49.29407945287446,48.679172143224676,81.64164146674764,3.420775888594428,0.08952267674366035,0.6373576840151142,0.9993779522286876,0.992412331636046,0.9859993030816877,0.936529604809575,720.3214142542238,1861.465304292203,310.3982891560404,-1.5485440352736113,0.7126323010947826,0.4006376414861749,0.12821331432726402,0.1431720188246048,Leaf Blast
297879.5,3308.582302927971,1003,1131,0.8868258178603006,228.9238715743156,227.43573733633036,201.69404483687595,47.51585607646018,47.06048603843298,80.94058549617728,5.190557470441623,0.1651003524097294,0.6531867512501357,0.9989982634647324,1.0507928117746528,0.9810541512917211,0.9520198806144917,617.2110271747634,1470.2249618589403,284.83214338839184,-1.7248177293669582,1.264148083810432,0.48985524844411377,0.0,0.200417917580058,Leaf Blast
1144140.5,6395.325688004494,1567,2340,0.6696581196581196,207.7201559947819,209.91054965413664,185.38054395369488,59.12731407809456,56.97990512426247,86.86566220004698,3.9109445943278276,0.07098385562992408,0.6088790741258502,0.9994733616886292,1.1572826873725077,0.9840110404517165,0.9473255978199366,1208.3876721667302,2915.135251667082,519.2073758338475,-1.3417900882177225,0.033370236445324775,0.39229922948750146,0.35240531673323633,0.279232954557161,Leaf Blast
1187312.0,7005.816346645355,2142,2340,0.9153846153846154,205.39169205201256,203.2087857038498,178.08377328511943,54.809181322741736,51.99987145675582,82.21642328494376,4.854479962581715,0.05759138890324636,0.5459085477375256,0.9992286299271388,1.3589544439694075,0.9889573647880083,0.9582998164927817,1230.9809962700217,3253.943106618649,482.2353633726454,-1.3363003668531372,0.11359074917504497,0.4172789366662677,0.113230357515112,0.4172789366662677,Leaf Blast
516550.0,4827.474981546402,1489,1666,0.8937575030012005,208.27295540064765,206.47007374378322,182.84286751915653,49.867017373042245,48.729337861523526,78.04011789567812,3.252803103223271,0.08303370916053913,0.6495065567439873,0.9994032684703724,0.9669489417388577,0.9909265337229821,0.9521572401431059,812.4659107012351,2295.143851263269,308.477961819096,-1.6193924731589298,0.9605132483771683,0.43727371744023974,0.08287649092426355,0.43727371744023974,Leaf Blast
599217.5,4459.853147387505,1666,872,1.9105504587155964,197.59664838324287,195.10248036789747,171.67563471967418,50.70566909225579,47.9344870148434,78.51651783033391,4.385039060669313,0.07119128738439615,0.5541372593284475,0.9991933250631447,1.3176319176319178,0.9797455297764637,0.9676844087492557,874.9356307524636,1993.2365098068149,399.13881453259734,-1.368997879987813,0.11213068271976212,0.3859462685036028,0.3859462685036028,0.3859462685036028,Leaf Blast
752359.0,4176.558436870575,533,1597,0.3337507827175955,198.8866460242259,196.95485586821565,166.5003840560475,64.29613849036234,60.152599712916704,93.18910441723122,3.697831774175577,0.07863488797871106,0.613876572255826,0.9995619823442137,1.1091794922497227,0.9534617356251531,0.9716594862283702,980.0744452250548,1824.7054053330864,550.1743057781564,-0.9395621887651131,-0.8900956767748558,0.4056566429388582,0.4056566429388582,0.27761725003666704,Leaf Blast
634181.0,3908.842707633972,478,1523,0.31385423506237686,204.6362623618847,202.6089917392712,174.07016984913747,64.81248862864946,61.01122440590921,92.66325615039453,3.276885823418921,0.09952280071920433,0.6629359841398228,0.9996191767064545,0.9682015490900369,0.9586715891515778,0.9794515274698201,899.945169556631,1726.8170091820512,491.3053381160529,-1.0575099750584813,-0.6578394372341276,0.5019884234087533,0.12587947099521896,0.5019884234087533,Leaf Blast
537822.5,4101.1828891038895,520,1658,0.31363088057901084,206.42675386072716,203.04594931035837,182.64287891729393,40.885773754275384,42.413930371938285,72.46156318576543,5.377146557391132,0.07539969055798998,0.5856216424006864,0.9986789226746758,1.2212250837729761,0.9778135256128674,0.9904402617276521,829.0201049524222,1867.403297656171,391.17846669861024,-1.5471770709405244,0.8075514148676572,0.5224599759420662,0.0607230541753708,0.21434156895708176,Leaf Blast
657223.5,5849.118751645088,2157,1621,1.3306600863664404,221.36388947457675,218.08223680746173,197.48946503379042,38.132739689805945,38.76526417157835,71.27874146612017,5.917619899141854,0.06338156750699969,0.5055521825957696,0.9983306678419042,1.5605682151479885,0.9910051239069265,0.9331808091141003,916.3849202226335,2637.130988874939,352.9112343297634,-1.9864923091393487,2.5238371986819867,0.3903850182627351,0.23421479163706926,0.38545687103279336,Leaf Blast
951598.5,6252.211265444756,2034,2034,1.0,202.25097651623483,201.10426341187036,172.03136792521238,45.87945347382348,45.06851340333624,84.02515307066872,2.961202112053768,0.08253058827718497,0.6487846253814361,0.9993978279581064,0.9633723019538479,0.9901132642533813,0.9557000255438076,1102.1561564903468,3007.359019959014,421.84279697466593,-1.2914940327096929,-0.054932045126173445,0.38876463413173556,0.38876463413173556,0.3335056356117743,Leaf Blast
1113585.0,6614.316003680229,2228,2118,1.0519357884796978,206.76094725526914,206.63489608346845,178.99665188284249,50.05536605377484,47.7421464986618,86.26269117337993,4.5554069970389515,0.07239826569454846,0.5862869342293437,0.9991787606048864,1.2208665641760699,0.9883324215846431,0.949285161465908,1192.1153678447397,3128.535007781733,476.5142364801651,-1.3255527989535463,0.005641653923262879,0.48139611185455483,0.12286440043487308,0.4788476223429442,Leaf Blast
1028274.0,5637.59272146225,1773,1773,1.0,188.866765027458,186.00305102959126,150.2745688046778,44.53704673001667,45.523424400282735,88.8001426939674,3.9454352916012567,0.06119277295026844,0.5872034574144502,0.9992052062113438,1.1826975105641555,0.9760806335067497,0.9526618357889832,1145.50272075308,2519.864442655634,547.8407659285033,-0.7757683333543336,-1.0734601196660818,0.36653289410227813,0.36426332410482265,0.49316956976406706,Leaf Blast
1494304.5,6870.231444239616,2077,2218,0.936429215509468,203.845401912868,202.27889954393962,165.13415688184466,49.94918742498858,49.96499532885384,94.6038908478138,5.2204568924529,0.053809603434460083,0.543640590825851,0.9991279515534204,1.4194028193486434,0.9781537138201475,0.9580547789344083,1380.6557183336956,3108.6983257141464,646.2453131042918,-0.8380151561967906,-0.9865403849336318,0.4007379326236806,0.4007379326236806,0.4007379326236806,Leaf Blast
1684401.5,7318.633471608162,2171,2340,0.9277777777777778,197.22409690262253,194.22694882752575,159.32242055665134,48.81561323904893,47.096788155098984,89.41368422514816,3.9851777551221756,0.06805333013301212,0.6286636915303226,0.9992676996344978,1.1233316158925393,0.9758207833562845,0.9756405119585937,1465.7905973904806,3208.4357860038112,701.2748107422613,-0.8153047760655079,-1.0921764575488981,0.654009568224513,0.3801880696079914,0.0,Leaf Blast
892386.0,6032.50198507309,2420,982,2.4643584521384927,216.76408322518952,215.92772078409945,195.63614968239875,39.82701390130786,39.694356416314584,70.76744050616202,4.006243957102689,0.06202445003541152,0.5408129519428794,0.998916920773479,1.31728430913669,0.9869889308500422,0.9774870104767958,1067.5695423542338,2724.015933198117,437.98966204296534,-1.7990003793284333,1.8802369704465027,0.4024596662247161,0.3571373571865297,0.4024596662247161,Leaf Blast
792744.5,5431.333376288414,2174,857,2.5367561260210034,211.7522355867495,210.40295975097519,188.96422384134993,41.08958061748331,39.75107380633851,72.1877709086855,3.3237713749618445,0.06907928943034593,0.5702874965686999,0.9991248414732862,1.1895130545445463,0.9853791955006492,0.9890551211461278,1006.2390421367076,2483.905171169257,423.1968047167553,-1.737933667492249,1.4902607715372245,0.4051325769030744,0.2156782393720748,0.2573789306425796,Leaf Blast
755659.5,5305.686626791954,2113,799,2.6445556946182727,209.5433212782117,208.6854027610387,187.20387840893895,42.269423356501164,40.14150827367643,72.09869087361818,3.930400416254356,0.0779224997250834,0.5971015117840606,0.998992689752428,1.2066462214430151,0.9853445442537327,0.9853749140522744,982.4748874646715,2417.930781307891,412.44065855076394,-1.762869814411642,1.5495997147125813,0.4935856116572963,0.4361520705350805,0.16464094462303955,Leaf Blast
739784.0,5054.115997314453,2009,745,2.6966442953020135,209.845400030376,209.76715829043073,187.85870848479007,48.169728224940556,45.02693091130216,76.95756350393012,3.4537269042297707,0.07479645293209783,0.5731041589295538,0.999293295535919,1.2013536198659815,0.9838620177773653,0.9699976996711576,972.0794966687833,2345.3876636690375,419.6574952644222,-1.6303632413826148,0.9331978965100656,0.42029458380506696,0.03915863640673149,0.48596061662621776,Leaf Blast
788552.0,5569.76932823658,1858,1633,1.1377832210655237,205.01824015313292,206.13000512142528,180.6007417376463,56.535967765008536,51.621988993169595,85.89761989473543,3.5750321855510787,0.07408696521889746,0.5679849623026276,0.9994474719650875,1.219645735769523,0.9870908018712043,0.9585172580132983,1003.4584005121269,2563.8838550112855,410.63582644994455,-1.282872386459797,-0.1940541286581987,0.47413421409818474,0.0,0.29469736320038115,Leaf Blast
826310.0,5639.699695825577,2358,639,3.6901408450704225,216.09184279456505,216.42370692663022,198.57734286254865,51.26319938168602,47.28619802560265,75.03327555565036,4.021452170154914,0.081357977152234,0.6020717641953851,0.9992430253720062,1.1994357125815474,0.9889578020601822,0.9762418421492683,1027.3872177822066,2732.1415880037366,404.8962463824402,-1.9184928395359029,1.9503621561813818,0.39703665829148727,0.39703665829148727,0.39703665829148727,Leaf Blast
848893.5,5902.711888432503,2488,649,3.8335901386748845,212.78719800379443,213.3488951145563,196.49995508989775,49.50170475997053,45.83231513676088,71.35498381477775,3.5938332706278437,0.0693494683535706,0.5523146181873659,0.9992737333633778,1.2538114594605776,0.9904699609694777,0.9727049300149837,1041.3637654939093,2878.4097893049207,396.4402821812253,-2.02615708466963,2.4489490991714957,0.3990406975360458,0.3526030197079091,0.3990406975360458,Leaf Blast
617635.5,4783.584910035133,2004,509,3.93713163064833,209.68054708945382,210.23796070533584,192.4944116258501,52.289702622749644,48.17113130887783,74.92374624488927,3.3840352246081977,0.07959753234977235,0.574319714072661,0.9993822564936633,1.1819341845515159,0.9877475950507779,0.9748206246648752,888.4465185486945,2303.3331965856746,359.45791942268215,-1.8823994316279704,1.7867585237808399,0.3812762868417064,0.3061014738281408,0.3812762868417064,Leaf Blast
596503.0,4537.317884206772,1898,474,4.0042194092827,207.43129032723704,207.99731568141718,189.56814199628914,53.7645019854543,49.5748560487959,76.83933746177543,3.5886317089875703,0.07793051706346632,0.5684770786234215,0.9993808832987523,1.2181237859345324,0.9857068822736077,0.9808579830762552,873.092084875637,2178.6841011886504,367.04162596165924,-1.7692812142888357,1.355154557709679,0.4478063469167729,0.34992741826336543,0.1770508233387239,Leaf Blast
528176.0,4016.69881939888,1501,804,1.8669154228855722,198.4325865811866,196.44398604350374,169.48083511725028,45.66998743316488,43.48648771183756,79.76571967139486,5.817416833222297,0.08025122169845102,0.5306647999351217,0.9987405198039712,1.515252942482789,0.9745261609639562,0.9631479950204905,821.4546087277783,1765.3353197097958,395.9185557884292,-1.286387169527735,-0.14623396900544794,0.39598238555740434,0.3705944335946934,0.263568994573118,Leaf Blast
718526.5,5422.935531258583,2078,1071,1.9402427637721755,215.54436342600098,213.93333640568363,192.6600121720652,45.48653598190536,43.08514672014164,74.99237862658906,3.3118943764211632,0.07766921086115644,0.5855239570841654,0.9992571644669084,1.1537764312653875,0.9881942493951986,0.9745800861119185,958.0802984225621,2490.4822807049177,381.55721052163943,-1.7848389542466698,1.5362295946950963,0.41945963206903286,0.41945963206903286,0.41945963206903286,Leaf Blast
743839.5,5433.183553218842,1841,1582,1.163716814159292,211.39066102810597,211.34606130326756,183.91026710384887,48.9820130890218,46.290257901396096,83.97023426951392,3.8798319675034842,0.07445110436067964,0.5806380404578091,0.999257113834468,1.2110307488841132,0.9872413847406695,0.9786459549438701,974.6341988179826,2485.2789265908696,395.73295628270716,-1.423457407556623,0.34683161357634873,0.4040074107478207,0.3171030574492018,0.4040074107478207,Leaf Blast
774371.5,5426.968258976936,1483,1883,0.7875730217737653,207.5900401868297,206.2280862760383,179.48746717492708,47.836874529232695,45.00691443692509,81.15958582485669,4.20156605638119,0.07020020135944657,0.5581427580214235,0.99914968448137,1.2840113143891059,0.9859135784571111,0.9843567799961469,994.39978613709,2475.8482776321603,414.09934176734595,-1.4188824166643343,0.35541382664225996,0.4773822482907797,0.0,0.4773822482907797,Leaf Blast
202.0,61.3137081861496,21,14,1.5,198.14651980692173,196.9924000063186,172.20472386601867,45.599391726922015,44.06109421205141,76.99722914681777,5.177024004154021,0.05710668578874592,0.5308378163428882,0.9988769465882616,1.4686965813975799,0.9904765605140577,0.9608244663390887,1205.6080597954606,3309.7742601328127,455.6945361129549,-1.3005108491276147,0.14945712266917566,0.3910434163067613,0.3910434163067613,0.3910434163067613,Leaf Blast
1031728.0,6344.762581348419,2106,2032,1.0364173228346456,207.75651306942854,208.48887590198132,181.0472497968541,51.31287455441248,49.3249225337631,85.85770201681791,5.648664938767869,0.05957523633614688,0.5415706661587778,0.9990242277215515,1.471142511047499,0.9884739157570495,0.9748377579730704,1147.5233339483777,3007.7443818500724,455.3462540788187,-1.2440447237089198,-0.08449618632049516,0.4712938641084325,0.3199269037853178,0.41288785624037977,Leaf Blast
431537.0,3267.2691127061844,558,1128,0.4946808510638298,206.94597848865877,207.3079078320184,185.81537937623276,50.03644153489498,47.98477579112198,77.34059795038064,5.529309607780271,0.057402564510548294,0.5557553461616334,0.9989640346961555,1.4157786026093175,0.9946918164061089,0.9487792420290443,1474.29204735732,4711.429502137136,484.8010678087343,-1.2386470817388489,0.13572211663878964,0.38898113716781946,0.38898113716781946,0.29622982363690553,Leaf Blast
929139.0,5908.263004660606,1930,1930,1.0,202.2129571263658,202.55933770034096,175.46403339686972,59.64527062911999,56.291394289952514,90.13754008835618,5.894751502160909,0.05486282241516887,0.502966277181079,0.9992071471464224,1.5436769568382231,0.9869050294868738,0.9632758545802024,1089.0203580013053,2781.7722179172447,448.7065223084119,-1.1059834294924327,-0.5642202864686006,0.4602806018105882,0.19924097068196286,0.22990401327048415,Leaf Blast
937185.5,5684.986740231514,1826,1826,1.0,187.20235067522904,187.38788600583754,159.80566515789334,57.06526366075956,52.87629968341159,86.62141218545133,4.711054929556333,0.062255750244944424,0.5307444825624246,0.9992937748934289,1.3939813050458374,0.984532257209117,0.9497408441192794,1093.688747412995,2655.111168727259,465.18452795542885,-0.9511570052032992,-0.8844710065123285,0.4068242588854545,0.32095792516802557,0.2220632185121877,Leaf Blast
4.0,8.828427076339722,3,4,0.75,223.73763190335305,221.69522887902696,209.02864973701512,27.205127138257446,27.515127436339142,49.83759421939284,4.217899289713173,0.07486379742174239,0.6006750435677817,0.9975995280226844,1.2279565483677377,0.9946852629998444,0.9058791938792652,952.0130418693255,3141.1596939982783,323.42091006327666,-2.5794877476901337,6.897083189501487,0.40550961807394537,0.3520421569397517,0.222737008334493,Leaf Blast
666783.0,6201.054492354393,1269,2424,0.5235148514851485,213.12828501290724,212.5402083061029,195.8722956763498,29.217527298364388,30.34164515943061,60.40714419863082,4.429300848987086,0.0664546330844777,0.5438617862978494,0.9979865934728097,1.3433965817134748,0.9922324111025583,0.9042244694257114,923.2507017572286,2786.9824450291494,346.69481763937836,-2.1731693172733477,3.772437335022091,0.39626001483061235,0.33177472501657995,0.32608632316911756,Leaf Blast
837905.5,7566.472882270813,1400,3065,0.4567699836867863,232.24532523833005,230.9009343154175,216.00603098290597,29.585083163986702,29.893419052709792,58.310583960314865,4.296873587030689,0.10299701984815501,0.622145444241613,0.9979955076459444,1.171417737440501,0.9939324264690812,0.9037301879758619,1034.9162533801025,3310.129273062189,364.08911655463027,-2.4202420680944963,5.426690107208971,0.41769068168657425,0.05380251874066867,0.41769068168657425,Leaf Blast
566742.5,6555.059870481491,1709,2429,0.7035817208727871,214.43017379031772,211.76111199905222,202.14362730699668,43.39364241899413,35.14651627301783,61.29578793848211,12.151683088002398,0.05392784369916295,0.3928755536589007,0.996292243338734,2.2312563118767397,0.9968539626187685,0.9106019996289876,851.4695661771053,3177.746037345276,251.86874451669453,-2.428659323973192,4.723420280357061,0.44311656292236284,0.04745899356441848,0.44311656292236284,Leaf Blast
689708.5,8387.54755115509,2274,3120,0.7288461538461538,218.60030849358975,214.93322177021696,207.89962617110453,39.14128323211364,32.35760554897352,55.04972368850216,10.512298279363046,0.055899452908224935,0.44105260871494034,0.9961205278218179,2.0005717644544196,0.9981353534953186,0.900237575971704,939.3754871806976,4067.362444166675,248.2696213989239,-2.56453815960453,6.4610160807905,0.3493118876745659,0.4172715321255942,0.4172715321255942,Leaf Blast
668893.5,6525.825255155563,1593,2439,0.6531365313653137,205.5823835073119,204.53834597386563,193.7651478359802,48.8892911548088,38.734435427908906,65.59815671628844,8.653353137304958,0.05468895990241035,0.4457901004476427,0.9978337278169273,1.9004026381527148,0.9959598347508424,0.9392520554420442,924.7306509667052,3186.9198955258043,286.1848310392277,-2.2578718842941687,3.7431965071584514,0.43709243474412507,0.04306969641152355,0.17926802857715912,Leaf Blast
654102.0,6117.401813864708,1498,2251,0.6654820079964461,199.7163339813827,199.42603583460908,185.38769086487252,51.97681090755486,40.96051800476957,68.29868521831597,9.46885058492522,0.05097015960157139,0.41875509022427515,0.9978732807394045,2.0214662125475096,0.9947383881349339,0.9032308202286291,914.3875425873665,2976.945958861606,304.98138180421455,-2.0680393589279666,2.782537194289012,0.42872092922331884,0.42872092922331884,0.40659795850794744,Leaf Blast
896797.0,5762.175534725189,1839,1839,1.0,173.55094367964242,177.43943604832876,173.12441183575842,61.14455463046359,60.976408771662314,87.61322871166502,18.03943632136735,0.04453258515676813,0.32375504792187304,0.9977956057139857,2.9123074528961133,0.9870338964641162,0.8698744312448421,1069.9492136282195,2751.84656432692,441.70426789648565,-1.0961268283306862,-0.6284187361832836,0.3707617967200201,0.3707617967200201,0.3707617967200201,Leaf Blast
1182112.5,7343.405501365662,2425,2444,0.9922258592471358,200.3459908676754,200.8325108207002,197.13305540107007,60.104047331167386,58.96632985334286,83.09552253774093,21.36190583442652,0.042977877975023095,0.3450788619265807,0.9972157796088763,2.9820962106187405,0.992972195192028,0.9142455934603054,1228.296570921894,3669.337864120906,434.25833978278285,-1.503065787828267,0.7174874109809726,0.36678465981707414,0.36678465981707414,0.36678465981707414,Leaf Blast
476918.0,4815.501104593277,1573,1119,1.4057193923145666,212.74265467526752,211.54851800225435,197.8177934300572,37.080670831537944,39.49383857252814,83.47702418230675,16.55464590926076,0.04219754150693102,0.326250892255709,0.9955883056011708,2.8176763093487587,0.9863641135585174,0.9130823518646317,780.917464003654,1986.207714508209,326.8855948088915,-1.5637441933964513,1.009355889523615,0.3913947026290204,0.37793772938441583,0.3913947026290204,Leaf Blast
287658.5,3319.975064635277,1139,914,1.2461706783369804,184.71885292845795,186.42049192142886,182.41510081159558,62.81423924887414,59.294647724484435,84.28063844554381,28.667016668955434,0.057447607769152795,0.3491459824413472,0.9964044200978266,3.0827144644810676,0.9861791827851019,0.8974010289081589,606.647325658727,1534.425118873446,254.22705929366975,-1.3595096933370125,0.043515827108607574,0.390807868447732,0.3667959312564597,0.390807868447732,Leaf Blast
422737.0,4514.19154715538,1307,1566,0.834610472541507,190.219685885736,191.39638086803058,191.86509421959943,57.23068412485903,53.79470404889821,76.90461729424396,32.31053129807124,0.05501946224747856,0.339959124054644,0.9950995204016272,3.1297675443428448,0.9922324818681112,0.9445708882585239,735.2331972594175,2120.471061029819,263.7809913022804,-1.7173943736751724,1.1940699259291847,0.37764178075698035,0.37764178075698035,0.37764178075698035,Leaf Blast
542888.5,4075.1062554121017,1297,1297,1.0,184.54400434190995,195.53762760750894,178.55765722332956,57.504437351114206,56.14719348989219,106.29257154784635,17.537122704817385,0.03942588851557583,0.3191343091488763,0.9977124547437912,2.9245540516100785,0.9788369588320547,0.9171471063300136,832.6604923330768,1897.1611877053747,388.23821018242063,-0.762979293157042,-1.2429492735841372,0.386313002254578,0.10651440205579937,0.38289909516090037,Leaf Blast
