0,1,2,3,4,5,6,7,8,9,10,11,12,13,types
1169881.1394760057,-147.76905550709628,-426.6138338793661,142.5066085561353,288.8557755259345,1.5965686646036954,38.46093113683242,37.47008575385133,8.27452423999282,-6.76510474376512,0.39729811613697524,-6.844431880064957,-1.9013154676159465,1.106954234444011,Brown Spot
-763387.3515693514,-1305.185977025859,249.22214058253164,2704.278501621313,49.73702700666323,-287.4899527408658,-5.148332603205094,-27.98062502110187,-5.847060566741796,1.1842110019060197,-2.8201129803116234,-4.385058290652292,0.20013699863225795,-0.6217962372140156,Brown Spot
-785437.2778074064,-1459.404073418303,340.18271559967997,2673.2099176253587,8.574177271718439,-238.85108023190477,-0.763851834219584,-24.74378412477142,3.0838609186494974,6.76864704082603,-6.300316864574902,-4.364618535398912,1.6338598323563684,0.4759036911398634,Brown Spot
493981.25521549734,-990.134481802134,-401.9055866710215,-60.47591144449712,42.04191620901326,-29.57821854911294,11.308000845905973,-3.1092541425880387,13.076554771485132,-0.0973310752675017,-4.622137224351283,-7.576078267089825,0.773323532325463,0.33233159990799266,Brown Spot
119333.77565245444,-464.3625469947298,349.6476993375604,-247.32643528297035,-59.503597980756375,-59.29219294026904,8.878802603402889,-10.964160558547885,14.853295617426031,-5.631838563491268,-6.252836733156877,-7.287331103884597,-1.5952358923108472,0.8614230451596968,Brown Spot
258808.89312207067,-45.505340844895386,493.8080233207906,-124.06909964295765,-24.381436331681982,-44.67509890074527,-6.341428367729272,-9.674286545062863,2.9340264388847355,-8.893370499247746,-4.571903533346817,-7.786498869862839,-3.29254289347777,0.4169292259931648,Brown Spot
-395144.69106558384,85.1698888396748,564.3227947748579,-466.7780444822814,79.3663023697486,2.3916276071773392,-19.608755206331793,15.685680847789063,14.658639247348715,10.70150878663401,-7.846609256975119,-3.695768380460798,-2.660166983459383,0.7608991254367903,Brown Spot
-159609.71075476587,-873.7276550970685,884.24354252497,-398.54058935506646,132.44090122013515,-5.657038479519676,-13.554879005412067,7.571851561961582,2.4454491194331798,-7.316124670768586,1.7957605181157779,-0.25031406010694734,-0.6604189828731937,-0.8005494483924267,Brown Spot
280621.7883561957,-960.6353882337744,271.92211771539303,-234.39581583687604,-145.12921365533262,-64.92362824462205,9.494606930322902,-0.6584561563926532,-1.8787983281407439,-18.21775107985235,-3.5683806739823605,-2.246961503782706,2.7081896580432887,0.774502896357302,Brown Spot
110376.73887858959,-541.7064572956513,45.41811487137768,-75.59470050708953,-195.92688910893446,-18.550915169475154,-1.6479617120445027,-3.3578360080867453,9.8833043862122,-4.930386108620234,6.07257982553264,0.22781509321796883,0.21590871015670113,-0.609036200030122,Brown Spot
-15321.770750595644,-909.0729170574348,85.82862310787075,-282.77807338985207,-163.5480206914981,-54.350429603355515,8.566604784453038,6.117847018008263,13.623807911360744,0.7529923662020336,5.314960428794751,1.3474939379981654,0.4658195555209427,-0.5614783451475013,Brown Spot
-153828.27471588273,-1372.0725147311427,146.0286481712163,-498.15907260900127,-125.90462078265571,-88.87662679121208,28.38520731007889,28.756255034347806,20.59009561423511,3.7367799707690996,8.279006998806729,-0.7465645140314924,0.9442385380896497,0.41195435824687826,Brown Spot
5984.342282161011,-1167.2705526183693,148.77130439809025,-329.57041386844315,-159.20078169031265,-59.31198359295298,11.901157462540283,7.062914979027556,16.065834093417468,-0.8352667085219947,6.514313489155158,-0.622513970291032,1.0729999585122179,-0.038536762011572086,Brown Spot
-13552.792327271241,-1161.999862537487,143.13062504423687,-331.46079717998776,-150.24002167453855,-56.800269484611526,-3.033962826773925,10.139634669641524,-2.563164463212738,-11.044986929445821,13.138823456191545,1.9373416578230347,0.7222054618969279,0.38596974302110165,Brown Spot
274097.53656437213,-789.1013336894192,144.46865282666474,-58.34918766607631,-196.97927991059606,-14.112783832116886,1.6037978485609878,-1.3305254623282843,13.890716794082524,0.5422695773857127,5.12676172455162,0.7228828150087103,0.19689392756263788,-0.4478530156702014,Brown Spot
271848.3281642433,-835.4618492962859,153.7179520990453,-73.01489413164774,-196.21635547418336,-15.794310329508745,-2.0366073610037576,-0.4415578657219814,10.924981613758643,-1.5173565222322307,5.625062753710804,1.3669725274168003,0.5530385839128109,-0.19974469308577117,Brown Spot
212816.92862420194,-696.726823112111,105.07832946880022,-91.27847027063603,-183.8176430673192,-25.81675066569634,-1.2092249694394086,-0.40153739031458424,12.731147984260684,1.0355356699230582,4.531234442162642,1.302836126843896,0.9769242124091972,-0.09840399017919854,Brown Spot
273465.6205899089,-279.9173957661081,30.60331988637793,39.28389969001804,-193.49135317612783,-5.737005935897424,-17.943836359031554,-4.444336508377063,0.43025255158729575,-5.960017910477433,6.620189136836777,1.5924730145343364,0.443560410722876,-0.28419575156749866,Brown Spot
104362.81914834864,-268.32489119521716,-22.90356175187143,-89.5273496655949,-160.74811932561437,-32.74562128614579,-20.45937511464471,-2.9817947691033373,-1.4018416593547585,-5.707790795847503,6.28097930852389,0.44938223817701867,0.6509070205220213,-0.593003200614963,Brown Spot
12342.08524371879,-983.1919009983031,635.016889422755,-442.0445699265122,52.77667790156156,-81.11134152107473,1.4342788901090808,14.775282016216305,6.023374766622955,3.50802268803048,0.9922879051542213,0.4171064663502533,1.5638540273756345,-0.6551073180212562,Brown Spot
-12841.203938109393,-1128.863249814126,652.654894277462,-481.6590429567518,54.13537445916536,-86.94046913409072,5.697651074441644,20.295185656397127,7.290066516178723,4.229293345588144,-0.008966013173466065,1.248800086458907,1.917902817208007,-0.2447393984892452,Brown Spot
-55514.890708931605,-1294.0902434848529,834.5984911291806,-493.7239339665846,106.43877061180024,-67.39000946948332,6.563497744889493,25.49876757425165,8.336604797279005,4.052692874920642,1.2505113877088772,1.519382831487758,1.9304439508347184,-0.45227872531162133,Brown Spot
-253044.06918050375,-1505.3874081600238,566.6541659081205,-650.7216273704439,63.78932679699766,-89.16516875240359,26.35799582772129,44.93252473378519,5.40871623776119,-5.3184210252133,6.4642913552737005,0.5009649474824718,1.5435195589196502,0.18091554999770662,Brown Spot
16180.431872173727,-807.4492493202213,967.7228500067118,-330.65834334813104,136.23146691599376,-24.65949539242951,-17.995135834554468,4.905841095924228,-10.361365957633927,-19.408653229543205,1.7525081306625616,-1.5595694425617743,0.5327075474072842,-1.00428474938254,Brown Spot
1980.1506411309806,-806.6321419309747,195.40875056669609,-345.7465791291495,-86.65262102975163,-72.19063088717022,4.180549096011457,4.2631162093406685,14.056437681193353,5.369022111525915,1.6146344481113708,-0.0461355882491057,1.1542422382450463,0.7954878881145214,Brown Spot
70511.74714601348,-678.7159596391061,168.73639390222934,-296.3614234779325,-88.70797511617613,-73.85540527716205,1.1944118035843019,3.2554848025989758,13.558707670445925,6.284576098968641,1.7084076757585296,-0.48893593260190443,0.6760583120346972,0.7053663987689659,Brown Spot
163123.9060842498,-415.3997563504817,279.71279994234334,-180.50321100826878,-88.24726240848614,-47.97341725343682,-5.754302986962066,-2.7872859815687185,17.057073457230157,9.568196464108208,-1.554476034101698,-0.4483133174832043,0.46001961677867104,0.6751880476622465,Brown Spot
295933.51643863576,109.08515158291958,291.3635286060864,-32.47026853426528,-82.54436230314113,-30.519723295730007,-23.7318554148174,-6.090383089458169,1.9047028351818227,5.128538671850405,0.9510360609416529,-0.5236543628688713,0.2622180330712624,0.32204037559851684,Brown Spot
175107.1862377943,28.239697891707618,307.17526658000855,-110.82057711335716,-55.21183800980753,-40.168380372423165,-24.06584876940352,-4.930644155642267,3.3588378370658365,7.885158547591834,-1.022900191944881,0.08139353911666868,1.3027988215942232,0.40249261500614647,Brown Spot
157950.36509612962,509.1685282657107,338.6550078178895,-9.049196776667362,-39.65925513499024,-25.6146314530015,-29.42463625651891,-3.8988436149847847,6.971660446125278,12.570653228752567,-1.740288516901879,0.27908546216827784,0.5231978339185628,0.8490700147725235,Brown Spot
-11128.22662041499,43.37749856163026,232.0094332221216,-183.84985450399404,-47.28154457649122,-39.751881183154296,-35.04303489999572,-0.11097180133050162,-3.283048757792394,9.425654617836049,-0.3203023910230825,0.360908417764132,0.6268230344410164,0.5877742018347119,Brown Spot
421207.94155300345,396.98462721310995,44.393186743604204,152.64610631586197,-167.93134863309618,-13.078892747424522,-11.061167709390975,-3.358958951162805,2.5158872143271735,-3.404048390277669,1.155100765066954,-0.6352953967701226,0.6175408240059765,0.09608121656946235,Brown Spot
-146654.97063523837,-851.9744350354671,840.4492576735657,-399.04752839968296,120.51415572563539,-12.981297160693687,-7.017746664218287,9.010336956072262,16.581901402115175,9.453089731504134,-0.38389094406674584,0.37392568289878186,0.45862166423883477,-0.21776998688814272,Brown Spot
115341.27225367347,350.77504387331265,917.8587069815293,-59.738183585725686,130.605432701867,4.815749288099364,-17.18522397270446,-7.237487136041637,28.542008423185372,10.787973026082692,-2.8118872240366652,-0.5704024177070923,-0.04688307611854917,0.4816535397985867,Brown Spot
162789.8404328192,1.5209250056672592,896.5959182599545,-128.52114666625303,109.88532867191239,-8.377631953848267,-27.681140918109506,-6.255450857532038,4.921038150793958,1.31451936408956,0.7936439165617483,-1.5850389254464925,0.6471395046914226,-0.07897561694075747,Brown Spot
50974.375010874006,553.81746369846,131.61122423154896,-17.966100940657828,-78.32542630679191,-29.139927455824058,-9.544471947845135,-7.5589730884579165,24.939939081452614,11.421604600163281,-2.0285762056915884,-0.38547516564558637,0.03735286508966924,0.36972600026065294,Brown Spot
-95319.81499026334,211.44534351208665,-179.53706478378166,-42.38883964700954,-152.290164912191,-23.9711617924619,-5.002506835967085,7.711447279839285,9.478844191429044,0.06478906991280543,4.265323644917284,2.041582943435023,-2.8093009146143464,-0.5352444459390041,Brown Spot
148956.28035987393,607.8780742810499,-206.76372627300603,108.63503331392737,-202.16216552036067,-39.72394755992396,-6.548546203417896,4.855167216777811,8.441188709937208,4.572362979943451,1.6676066846386615,1.6732679764945,-1.776444021507832,0.267303578055243,Brown Spot
734218.9404359504,194.40059229831408,-133.5291282690339,293.91608810830144,-200.54803438567478,40.223236362191656,-9.724285668385646,-1.3864097497458443,5.9981472780417135,1.2709297512987658,2.0166087658138907,0.7081380743340426,0.04722334844186197,0.1520883632066338,Brown Spot
476632.8947467425,-299.71080295481084,-109.89809792078145,30.85265137044469,-129.00362842678777,-20.1602925881408,-17.174481228469382,-4.412414650801362,-5.149697112034432,-4.824892038866774,3.888234826505855,0.4991883220014745,1.266342182881771,0.25552543279752393,Brown Spot
-181244.4001184353,-47.856525663366945,-300.87299187088,-150.1335352668649,-110.47259907222205,-21.147475461438436,-3.7555040457077795,6.537391702156435,20.047024284839956,11.917132932556473,-1.3480198748006802,2.480082862543477,-2.7734468857896553,0.23676413596711118,Brown Spot
-41706.79144994357,298.4392476888435,-379.90830433666906,-8.248482949167615,-113.58088446604896,-35.664646066995914,-7.463465826036959,8.08447170161714,9.140365549662093,8.868649140373096,-0.7721735248264266,1.9009158942991262,-2.4220025929699895,0.26542188159347546,Brown Spot
234900.14529826064,-128.62942382380743,-183.21480740960916,-20.99218486766546,-132.80743019382248,-53.325026932043606,-13.013400603967112,10.659309560121644,-8.364588633244146,4.86902802660152,2.2208364024319094,2.2826390218091013,-1.5543685853261413,-0.42054198101414103,Brown Spot
780940.2872997058,1111.124667213821,-484.21849975237245,374.80794566003567,-158.04175466068415,-32.892546042024584,-10.910801990282256,38.23085232880666,-29.687634547503016,0.6308693298853957,-1.2239777010569008,0.609617918107407,-1.1742554829149654,0.19009774387285172,Brown Spot
1054934.989068697,22.55892562170722,-200.1900462479177,310.66647219497827,-198.46679140582728,56.10573948355459,20.193035356131016,18.249520352257836,24.62864254964719,24.722263707156173,-7.963287673603688,0.35203832011193326,-0.9490868636324729,1.298375085157209,Brown Spot
1214615.2098758486,-600.9019394134862,-48.187775910885534,303.99283289674366,-200.0742501692034,124.44605624540502,-13.83642216898544,13.958429559410675,-11.957651471316526,3.6962764055512856,0.2109907947690757,-0.3909654178628165,-0.4654343445958399,0.06801432205981961,Brown Spot
1296758.6127361858,-1050.5267629775203,-11.093872409429695,306.9651997510312,-174.80029345305883,163.4204501040094,-9.928649001989008,13.815128975287832,-7.091056285234424,3.62222038139507,0.4049131670736106,-0.7940487675420959,-0.14575506804160815,0.3792194555994519,Brown Spot
1398075.0010465912,-1535.9696384380084,50.73771019654234,254.13567738297365,-149.87413757659294,188.46822334254034,-3.6003418602567874,15.24956686266345,-3.287260721177339,4.936671518233629,-0.49979207134375137,-1.630954848530385,0.2797853635191287,0.31143811673997623,Brown Spot
-215839.98675464836,-353.0059110129024,-611.175770114394,-213.19880799640796,50.406277503173754,-13.459009285115016,-43.794718320571064,8.402552974907795,-18.997956975857786,1.5340892218377584,3.9748179719397227,2.219624738422037,0.5907258377215762,0.7157002664456185,Brown Spot
-339244.1047482886,-380.0477102791088,-644.2947136600588,-259.41546526528623,58.27544710320921,17.30937597168306,-35.9067545795538,13.193377274879008,-9.372491298487045,7.183657830906612,-0.2261770154025746,-0.48824609060737884,-0.21708831463561193,1.338495427960189,Brown Spot
-69652.63952598919,567.9873423694013,-248.46367933175893,65.18513664825734,-130.0833657144112,-11.950551461258108,5.567561921581234,-0.6091156001717623,12.18208795328193,10.359890033429538,0.9359625032621541,10.668240600622742,-1.7231258766719322,-0.6116662624748956,Healthy
-93018.33812487527,538.6680480486541,96.13279393850978,-81.62017701223688,-33.228675756082495,-28.310039384303565,-15.866239313446327,-1.8918904464479525,-4.953282984010244,-3.2691274739972784,3.1895219203376315,11.648901692855544,-1.3327777489008061,-1.2109047136501798,Healthy
-316923.3143114804,-691.0045868504176,-54.717248549297636,-489.60061641848307,-98.88093302314083,-61.56522030452073,50.14168542599581,1.6800430793800178,-16.620299141739366,15.574465144553521,10.962054581860968,0.7783264826002423,1.050365228847697,1.4565560550547494,Healthy
730326.747597521,-249.55069779025982,253.04232744956673,93.4305026816138,-194.92440664090134,13.012900046217647,19.045637417424444,-17.841951388339414,-10.377017919405484,0.1620518044383165,2.3693141623979166,2.1075185702664263,-0.5129212263586367,-0.6126341932665669,Healthy
373192.31701550377,-112.06469547439166,1677.2105889944362,50.04946585443162,318.51550648433977,80.15276682636834,1.3059219292514659,-17.044912638757644,3.5166889070426697,2.2208947222270665,5.782372747391706,2.9623091333440685,-1.2504186861052309,-0.00031294728285121846,Healthy
190827.55634549406,-274.680755532806,1332.153094647866,-95.476501777803,248.83048143185079,26.853310471603272,9.20975403053611,-9.428259400086421,13.765534208171085,-0.2733156584915543,-3.7226241491754735,3.092438235455906,-0.26686594258568785,-0.16877341105625715,Healthy
59335.00666769028,51.078595756196265,132.78714487968358,-189.92439683806555,-47.18089359124775,-61.22672307531803,-5.698437742065425,-19.261870578746013,-26.403748779137505,-1.0490561887781384,-2.9781178428136457,-5.515626308554391,-1.017156238920007,-0.05681339340133373,Healthy
380796.1712125261,-919.4504510985465,363.3395520028778,-270.87238691459805,-103.8726556137774,-72.70494839908048,13.719118482996775,-9.551287972537985,-9.48089849910341,-4.101073113938068,-11.742778887561988,0.3959343256316011,-0.4493968650674961,-0.41490475582361325,Healthy
334021.31781631557,-933.397694071546,1199.4183503730922,-265.8886258636786,116.95566644335472,-12.548936112689724,0.7121448093404857,-15.605736721742211,-15.279943698442985,-3.2697188679819975,-7.605784701161218,2.4164883284270102,-0.2397286537596988,-0.5903580440957121,Healthy
-801762.1788433116,-2368.01658968025,467.0237155528097,1540.8000923598347,-125.5850626811056,91.47907531813928,6.016983394171722,-1.3457955399466515,-29.030354665628547,4.72413928622478,0.7968688583519439,0.86806783096315,0.5517680275650726,-1.4620588246403927,Healthy
294679.6523073659,670.6858018059436,777.1850991202343,81.98960187360272,76.59111838672708,5.4303573987033795,-5.514358115448048,-17.593631422187464,-2.1608395236622098,-2.022785577778902,-3.9516161121579705,0.9638752058957213,-0.530631996528101,-0.8120541101810798,Healthy
-115807.65582794849,541.6993851478778,673.8106109289896,-99.39657857713546,108.89758327070926,12.793287266611795,6.667779584021633,-22.1937431599409,5.934291196561689,0.7732885128759233,-1.911638781713385,-2.243910610332959,0.33332621126051337,0.18848904508420478,Healthy
598157.683876098,338.5845429009507,946.4243755001258,113.90481854458103,62.47294434601109,31.631487211052157,-1.0366517663677155,-15.458837755510958,-6.47509834978225,2.033774692795898,-4.660723356328487,-0.7705587357053963,0.30666607350779596,-0.6316053033591936,Healthy
-319388.4429921904,73.48812151308981,457.40806341924593,-246.2737511715387,76.05095076070536,33.072495230896024,-1.532358618369487,-1.4658512853093733,-7.772879252233638,-11.050566261932584,-5.15294132366296,-1.387949017401695,-0.4767704633597009,-0.7714735203811534,Healthy
-398518.3322888596,465.8053892504119,195.5344768668962,-195.71955314785112,6.035840275195507,60.09228067099151,12.554613353349803,-13.162562721595602,-10.354765996334516,6.454064868303075,2.1826093666793693,-4.661485528029859,-0.9584589507508076,0.6304542612675954,Healthy
-358444.95106685045,1018.6519195744582,288.4485060986964,-86.1499531737491,45.935935147358784,50.191669902250595,12.639030670907703,-9.035178505676464,6.160775230744843,7.106768405611943,-3.290201348857425,-2.6618121735491718,-0.22534745266322093,1.4542540343556425,Healthy
103400.32182499417,331.8963688562173,703.6724617487182,-133.9673295551798,50.69257553884443,-28.623702421759667,7.834713524475889,-31.39799680510492,-21.597888276119523,13.403934691197243,5.610937248161811,-5.494319664092281,-0.8776743210227466,-0.29695421639487546,Healthy
164543.17990756655,696.0946082208498,328.1455304724674,92.17808368642773,-0.23133636480868808,-19.03288509457359,29.443657194477375,-19.833635055571914,-15.033461191496977,5.415834252848249,8.973483540257977,-3.6488504060611398,-0.0018929873373819918,0.4783466076228837,Healthy
755299.2111101903,-1234.5693363980786,1123.3470020421903,-221.49137084118323,34.2055437736335,-10.10506150556611,25.891560148176914,-0.4780252351101318,-35.65973519612666,13.557816473041019,-0.2272849670176666,-5.203139519400774,1.7844937981235203,0.49015579192352626,Healthy
-527857.2351888415,251.94263017992088,138.06645827001924,-307.0674537416744,-31.28064527292958,116.46069807805895,-1.95345644332121,2.0383959591854683,9.406500886282926,0.9216101733064114,-8.795328504435657,1.6299679691585116,1.6131730502273811,0.4945174812095135,Healthy
-542414.5684457108,465.02458058087063,164.43243283754265,-275.5037862363545,-16.233582285385406,127.90675539512678,10.727357605652381,-3.457727431932721,-4.476257991022132,14.902898551372765,1.9243042683784068,-2.974692949277046,1.9804687227604634,-0.14026138390239246,Healthy
-564734.5893876938,574.5895286070729,-65.34975884933134,-239.53300118565565,-76.23745109539382,135.21426988793579,11.848526609953325,1.1360418650863178,-15.13975102773591,10.965082117418637,4.009017280923044,-4.404147841050882,1.6690285356202332,-0.01112758047669871,Healthy
-464239.7319026651,585.4858732604359,0.40659880679417243,-191.33531354692522,-59.93795391082353,79.8037139688849,3.0886640402655288,-1.4000069128413768,-3.9467219529124287,2.331194769706384,-1.8514576866710195,-2.453414046098673,0.15081679134415638,-0.9734270075363216,Healthy
-357148.89364638954,1380.8552480023232,153.7804237004951,-20.05102113721203,19.137619102911938,42.803995551241975,-3.5964966234281834,-0.29916845826279764,-2.743300595661261,4.373129296641628,-1.9983299087317543,-2.3724563715250624,1.0124974163462275,-0.49591208363523,Healthy
195879.85178099517,-278.33534793163335,-668.1031567404841,41.83220455057736,96.19758763661935,-26.98478903940583,11.646507292917073,-9.550813339119665,-2.389549539387233,-4.7767741009079945,-5.329727042573141,4.538451666733472,1.8639193967765741,-0.20638582878192321,Healthy
236942.7572673421,158.86103926049438,-576.3487936722182,125.16849594921844,14.432868005517193,-27.83401278357655,8.899808613485103,-5.448154704337683,-1.484655999844224,-4.386888430157278,-6.085024307283056,1.6371516523383167,0.9935841570822584,-1.3480343093860216,Healthy
286348.6040990774,473.42113145775426,-764.1995946418726,268.85911147212516,37.39237133608963,-5.117085215461593,14.679967797356888,-9.921677727104521,7.310398549826092,-0.3988779605136245,-2.5360706297443323,2.6979168489560834,0.6715723189451539,-0.5812892591443225,Healthy
273428.5425528236,-547.9010184519177,-736.0951160918012,38.38717476177988,139.17114299451129,-17.317409680784753,3.4115162611898064,-10.712414169361072,-5.1456781620691086,-2.9859139604214042,-4.663719821895913,2.121915093327798,1.0688824042344927,-1.641007229323979,Healthy
131146.21964161636,-1091.0734465871212,-1081.2769392801188,119.44455732060175,328.2374194285525,43.57186212207864,6.322672425328896,-10.27454509873286,-2.6495011778535367,-4.28085686126066,4.125274264121564,1.8849501242995501,1.1314633141450334,-1.0288769368491326,Healthy
-42780.438921967565,-1320.6332502619068,-426.80918883883135,-340.4146046447303,103.16882983532784,-63.00396534024415,20.848977425178443,0.8095315069872167,-12.135808897029277,2.0858611211837155,-1.8176155528032993,-0.0601631737193299,0.08747542268949868,-1.016349324881807,Healthy
-365306.5024268279,-671.6616663708479,-593.683406022648,-302.77176366068306,82.3379542476779,31.249357803191213,10.015316765711937,-7.292192013819825,-2.725588747428498,-9.630209404563216,-1.694483318573906,-1.5651520453136678,-0.28509603256247223,-1.0268365313181829,Healthy
160313.04521456038,74.97939581724282,-1587.4589120673918,397.5610436588055,362.04406122995346,55.27798645432933,3.6144408487716717,-13.347677043690831,13.417650350438063,-2.460938908926373,0.12312969275303305,0.11827981640771121,-0.40108674176801523,-0.1446190766151163,Healthy
-113981.53624224446,850.8123755859825,-144.7077133403718,47.01925023364741,-85.69653719989104,-15.33156549446364,21.377117822548637,-15.905379956719893,-15.455368231325137,0.41577576797077825,-1.7034548587340592,3.8198931868342116,2.3286652117680493,1.3586330442553614,Healthy
405769.79776228365,1928.5431879426758,454.38342034461044,420.1140245254482,25.241561536031323,13.018316488587573,0.19769735152858878,-4.398499736453472,-10.31330401551948,-4.5978100037702,0.899627578180041,-0.05767616423597925,0.28858080305924017,0.257810366665967,Healthy
57248.09341489037,399.16203349893215,1304.1856525761962,84.1579099758644,302.32740647400084,66.58360251847711,-8.557460202985554,-0.0952464324964593,7.8926578551514535,-11.259771482102677,-4.540269915766331,2.6223299288938264,-0.7537103125063507,-0.22966466374207517,Healthy
266756.7688204351,1436.1294885961436,1382.501920226232,408.00589347671735,316.9782247479296,82.57223946583308,8.350374370465738,7.702725316763184,2.400564235791926,-10.317852801520958,4.386209551709694,1.7770000838494788,-0.9559876745819225,0.3844128897004265,Healthy
346660.3166509021,859.9816261728079,1714.993323058759,270.60141430503506,352.83893416275185,102.04078664063148,-2.394246137556458,-10.929291684587428,11.094258249243314,-6.032228338835701,2.679294300245454,2.312843887427786,-0.3315704230149076,0.0321111043176885,Healthy
421125.89118595165,-346.0341676051997,1586.5357234722355,-17.829073692306586,240.50301745346854,66.09924527104555,-12.381992722232155,-16.765382336914378,-1.5920252611734136,-3.7263699018489387,-3.5952849737105517,2.2179667587447445,0.6372071567131394,-0.8204334170588692,Healthy
13523.744795576295,-195.33257215439056,518.1750528477749,-260.72310699682754,12.544433585148322,-45.27037040800657,-1.4193196258568432,-16.044130354786535,-9.332243462041479,2.7702007060699607,-3.7524497972321833,0.41077369625685406,0.3899539404946195,-1.1166995647374742,Healthy
193152.83454418034,169.61419239541684,-507.47723871052784,71.25162189121082,-28.007121304249807,-28.443562734133593,-1.9698942767547563,-14.234423185447584,-1.7003741777085881,-3.7942567671572993,-7.640422953427753,7.427562044454622,0.055848991796425274,-0.6218883253450387,Healthy
322789.52018815576,-1054.0252683161038,-1126.8264983442807,240.0324411806162,340.14825852226915,55.133778696889145,13.648896805425613,-1.7157485278314755,8.820091460069149,4.318583210180476,0.28358972497350177,2.847445351025554,-0.8193419761933005,-0.13917749156579817,Healthy
-801958.5571831451,-2477.5444923746413,452.8756842328929,1316.6117559287084,-126.75778649837952,-39.092563579301604,-14.736668995526781,1.3961546442476431,-26.465231268653536,7.575329925372265,-12.327681107705573,2.8957518196790315,-0.27482987111467316,-2.177263321186637,Healthy
-151608.19222995127,-963.3399276788689,-670.5155377408388,-245.15122439884502,165.90848674251936,-16.581152381575137,-0.7147439719486248,-4.5974144245606094,-11.071700219314755,2.3395638975248243,-0.426569969300041,1.7974468603132927,-1.8762366869533096,-0.9796673744289532,Healthy
-25208.610612255812,-1144.4669618796675,-828.9687566108752,-87.42465058370048,240.77434506016613,4.740750713627918,12.259819240324065,-5.09061937587269,-3.610563822231972,-4.139771752373804,0.7510299278421054,2.2445308974780227,-0.18148814034037294,-1.1476829698715343,Healthy
365560.9514509113,-1484.864769263931,-916.960130892683,78.10114318089212,287.1341878170036,32.654879971963844,-2.397402220662096,-2.160857040929084,-13.683416839632587,-2.227840954246507,0.12113591405977894,0.6846922600775129,-0.2924797754421928,-0.6969422534617871,Healthy
176924.5542510248,-1688.5106858573542,-466.03433032353945,-256.69723903435244,171.89049717218649,-59.6376125365371,14.122007927919173,17.056492075892617,-10.093263883027719,10.236530517593,-11.097132039039508,1.01848918661072,-1.6830345686729264,-0.754426770047261,Healthy
333552.10705478815,-1704.2521478257243,-296.7082838471383,-361.12674976247945,210.4801339159176,-112.21818639212523,18.501821642991437,28.711770977529724,-29.317653978324046,9.138474390279539,-13.686261826444905,0.10013926659910108,-0.5957205140866386,1.9881076624153955,Healthy
516076.0038811098,-1894.6608799366832,-808.8564530734051,60.98130539131894,312.98023210164195,42.30180928509687,14.014371259314407,2.3394946055863786,-7.440289188026924,-0.6810918181791246,-2.021269806171951,1.5957615649955104,0.7492228666928097,0.15337302014587706,Healthy
64535.83112651129,-1113.2189267197703,-882.9462270962589,-8.677691752430935,254.52171122772629,10.545988204212954,13.072385203653926,-4.690998604825879,0.40865397865586484,-5.333249942763409,-0.2287017369071703,1.7757457461115402,-0.5877993201568247,-0.8124672407883201,Healthy
324143.9371463001,1012.1525153379472,-1535.2366102434398,550.1249336214471,247.77856762692176,29.663516151424467,8.300813997516467,-4.788590717682508,6.735732987093529,4.3619921472772205,5.306337219774226,3.076611035245766,0.071643116959283,-0.43329409052976614,Healthy
487886.3481000371,742.8793665040836,-1226.844496031269,222.66183571125427,130.3605456136103,-63.24304506579534,-14.77011365955821,5.098529551098383,-15.606035514178147,-7.676704454386706,-3.9804287070290783,-10.007368579285933,1.9285141966006556,0.1527782066307494,Hispa
-364309.79062524746,-127.62580101481488,161.17739467285108,-343.4014687654534,-26.49230305083115,11.745767795893038,-3.093925806679673,9.370103170493536,9.41962279059454,-4.737317594539814,-9.11073434919219,-10.143584725074273,-1.0791317512740928,0.09973598279112919,Hispa
694667.3211421805,1428.3732431352564,-511.6820975586215,653.9005091798433,-237.53617193003888,59.39932713586715,19.017911674566665,-1.4909649112527588,1.830032280399575,-2.0037537787160264,-1.032668431164317,2.224720507757551,-0.7941835204340343,-0.6748612649180488,Hispa
999631.4352868567,-201.31535776528716,-410.1147317763436,377.5921785252498,-85.75908626650998,100.69012513392677,1.9373820386443212,-7.532534199620714,-9.878092192998613,0.2561910084336864,-5.032860937883702,0.6177394021814613,1.2727089824911828,-0.4959271887165948,Hispa
256611.88017747484,1072.5141721660725,1726.5363150911453,276.68821259224967,382.5104965836114,103.13942289935058,0.0290481245953566,-13.51058791191253,17.343420489046146,3.320853233001823,5.834915633502911,2.6689884912698614,0.7021318900021807,-0.14595619682777383,Hispa
554206.5760665758,504.47055969682935,-65.07016432358222,361.61597725889305,-256.0901723396637,35.98143152619031,17.206673064134147,-11.886178228457,0.5495063825903843,-5.626031073031606,-6.490579749117959,0.845644459391465,-0.06365791603388916,-0.0018050898623096332,Hispa
282840.1418574679,-602.7484018155,-924.1044926319069,110.68770646404433,194.191262401614,4.025447341814314,4.042308397982351,-11.646517233640227,-3.3111446742338213,-0.07735635878122223,-6.098963769667824,-2.3606885010394016,-0.5311463422611542,-0.21778381048419077,Hispa
-201324.6800393735,1101.6407123382069,-692.8777877831027,93.28081908399346,-85.93122119280352,-13.008404546553967,7.663376538626997,-3.012330830904393,2.638593302604794,1.6096969968479231,-8.007900980314124,-1.1146544265559903,-0.4434986798632405,0.2471143055497401,Hispa
-479988.9312503743,7.069847733335258,-95.0906763161892,-673.2233478435419,202.85755363609698,-84.08607104998066,34.27728345786171,41.71973671407427,-8.206865164072267,-2.0142259161671316,0.06925628786808205,2.8388447736101257,1.603008849055872,-0.690187096818658,Hispa
-493457.64671247493,-229.481216315989,4.3904446479080885,-391.0146067367884,-87.06334760161262,79.38034310464205,29.683871122442323,-17.26624894474489,-4.6020862584675095,5.195138393217074,12.499100140493042,-4.7287531527041216,0.592352255277612,-0.1639799934502298,Hispa
-218432.11860295685,1067.5848447642034,-127.88026785004114,28.789688853365206,-105.11392358130819,8.691141728658282,-6.833979704089842,-12.991322049518166,-15.542580472347352,-3.3962475077560876,4.707014653471781,2.3990669722044036,0.5242587667266965,-1.913254619280474,Hispa
-225041.18582940556,1179.1300061925203,-183.02392084437056,33.38712925384541,-124.84011133770281,1.133473097950249,10.503138976291607,-12.106009278680913,11.028663688739329,10.353045157201079,0.2755807459310085,3.277390215902941,0.9684018096113794,-1.0919383069312616,Hispa
98311.90005922619,12.163611676739984,-56.35530352694785,-58.93808187258109,-161.3334012758236,-56.886996453529996,9.285851442628566,0.6759941059803639,-16.884695285370828,-3.554015618827723,-6.0198978403500725,2.5344840934418036,0.3504610670997644,-1.243397002648145,Hispa
-45532.38847477606,-148.53697337639136,-93.08968945317721,-173.31395696950568,-116.17813158371676,-43.49678190613474,14.418395415602545,-21.5497246071045,-16.896154920820422,-5.450765688469893,6.70897354885217,-0.47669140908616287,1.4607875966548962,-0.37729724793440916,Hispa
945640.0458872294,-694.9586969376902,-765.9672006631913,257.32233978203874,163.18431519690822,81.65915460395028,-4.495837425125236,-9.596031997116862,-7.769318792823191,10.985732350122472,6.2171089350634405,5.075289351650755,1.564752338230544,-0.7631262448575112,Hispa
-582483.6818028002,-501.86958015551124,-271.8668974534467,-477.5979056552479,-109.28775838031223,130.9309378964442,2.709961473083905,-6.025309900988391,-4.761467883158944,-9.085616082527988,6.062633809359026,1.362305102077021,-2.477962022203777,-1.0131875070118412,Hispa
-294923.2879165822,1136.562709344752,-290.6027957625048,53.16386617881939,-70.86369371540721,4.962921183064938,19.267737109598954,13.8618099061757,0.7346542274442202,-6.794698534296003,-3.2381532579600543,0.6054505425767864,-1.05198911319193,-0.7595881035869648,Hispa
168418.84475587434,2672.3652882808146,354.1479726858546,512.2667351369822,100.70578687815012,-2.6796206900963604,15.393437457758521,12.569671773769315,-5.162178231405155,-9.00856625599837,3.9122742364703207,-1.3000637364924121,-1.529648765967672,0.8017532639248264,Hispa
328188.6753785373,2899.141434871644,-230.8339816762284,404.219570120129,-12.553631310288642,-97.17929948601048,5.539292356975322,17.734221334651824,-22.306845672224146,-8.605317466195299,-0.8719352988420275,-0.13084207626371944,-0.10406895711097723,-0.3287515124734656,Hispa
237289.46942192828,2326.798668354307,423.23078022810483,243.70847203602028,77.89017964980334,-59.998528639787,2.4948950947997544,-0.604026744908069,-6.234952792384025,-0.44361276419793905,-2.235299299367614,-0.11211634526000233,0.1408605500824728,-0.32566104921821115,Hispa
335892.8564684783,2207.5161514081396,423.32279827653605,477.6496801896284,81.48204897429386,4.553219755303748,14.78204990827778,7.904766490533145,-2.7789677607576904,-7.461465819582414,2.3475626697937746,0.8202415850183493,-0.9202115366452693,0.07165323725586041,Hispa
67830.16739522615,2744.0622622168885,434.8601954410334,319.027567591853,122.69770114295119,-35.51582677284941,8.64922358880578,-3.7051078784835547,-11.622184024877615,2.2747164603184857,8.41822073415272,-3.9455042634241506,0.29273248327810214,0.7887927845922132,Hispa
-555524.3609590706,196.07851925785027,-595.4450701248098,-282.62240411188833,-66.85731337327472,114.68440941666964,-4.379031025754232,4.990702532650162,1.7197119662124858,-4.088003467812918,-8.046437313414057,-1.616134848449872,-0.6956389146271418,-1.1926578075167626,Hispa
-417212.94276799605,280.85846135973804,-486.15344556992676,-188.674165384999,-79.00203990119027,48.02214720586883,8.850975602555485,-7.002376307522981,7.67044826444724,-5.468036570535824,-10.87854767214384,0.20816339321466812,-0.8485810908186939,0.5817866852439918,Hispa
-61387.203113808246,276.01970628165975,238.92261892933536,-548.9833047541862,336.7522675642873,-158.03262777179202,1.6177407625374087,-8.31536853320725,-5.886776630193888,3.2754587353486277,7.124385316180972,7.094116131499312,-1.8317140433945713,-0.24640174174404794,Hispa
-213063.52180496906,1405.5124752050285,187.6598129830299,-289.5235581949788,425.95962943086954,-122.96447641532262,8.426938439554872,42.66635548129221,-30.318001253928855,-1.4787960355330958,1.762312022352052,0.269768489519939,-0.4949109461806587,0.5264142245638411,Hispa
-327900.13838134636,-641.8228050280841,317.5338941152127,-469.1992426309988,1.2058207696604373,-8.006481463603711,1.5250906478568949,-3.0375841445379077,-15.052298782554617,0.12598507892711186,11.21300132035586,9.384608985470521,-3.2883050317344833,-1.0055665240476757,Hispa
-448052.2805458736,-865.54446785263,75.63423357086481,-528.3975881921256,-94.73605904198534,29.261685013639145,21.127260672700753,-5.9526725854582,-10.390089718007467,-21.411937497117666,-4.312684416964901,3.345123850087877,-2.0446098446304988,4.471991591903679,Hispa
-272113.22626234335,-724.6616471102184,87.64987267543515,-434.7387925110835,-84.03665793276632,-38.114241970110236,40.201376689573884,-11.889073897035807,-11.484985760557855,4.589300597975173,1.2009850669850382,1.5372399127873,-1.3090761593336262,1.7084222998604925,Hispa
-212559.0322422451,-400.84993170933217,142.24023203536137,-392.6760944111613,-35.63616443338394,-48.809234379969304,-1.1701864326400617,-2.4818816031085116,-10.513474666021235,5.358116767203648,-14.988058091095153,-0.5178766670073366,-2.0901904431480935,-1.0072878622116588,Hispa
-313936.769336855,375.8466398975137,24.188246351422023,-235.82197165275704,-45.98276577416173,0.9724926332605467,20.948605930238312,-24.33616392499092,-42.776828057829434,22.903875379697592,18.831194469871775,-10.148442771427375,-1.0281083954032773,0.5917507109024266,Hispa
-198691.17288014083,891.3530782263558,-522.6341074211992,101.96350699836152,-139.53152202570473,8.999401664142312,5.823345281991387,-7.293723281731084,-1.6489930314266883,-2.8249226792818334,-4.543760634800269,0.4228025709188904,0.6829817371545039,0.13591419533704832,Hispa
-406893.3916909708,-397.7136980693064,-135.6776053911669,-373.07829118726136,-136.61942956490213,35.319115249838376,9.104232135234483,-11.324828396940314,14.59006052522163,-5.269319044811663,-3.6228249473389686,1.8664237758821345,0.23216846978630135,0.33262122863966065,Hispa
-416539.2494791704,428.794142558707,-590.3194416173662,-148.957618839921,-80.19797853490621,52.70569278124799,6.547649452230322,-10.859755079323557,0.7267786875860194,8.050171116185846,0.3028468649510802,-2.4053334577437773,1.0819896534352944,-0.8881587752405163,Hispa
-510683.6635122321,-438.47342538225655,-379.08730844688773,-395.1257266735567,-71.53257085467101,90.57228457598985,-1.8711169816508906,-5.701389336091312,1.3716859369195291,-2.9875447053706985,-3.275910749628778,1.098890973960434,-0.10143509978749095,-1.4931737211669922,Hispa
-445379.68295914354,292.043710166091,-18.216658701259142,-250.21592565006557,-68.01087901019676,66.77825647302066,8.735660589207132,-8.13294452773243,6.838130408238223,-3.806792604306469,-12.431195293926793,9.27598789084636,0.9635944567610932,-0.0035208014050928053,Hispa
-289109.4947522263,1219.7445660097064,666.2956148322436,-109.20712477469067,178.96311686809565,29.476058413786856,-6.245695279763546,-9.832092283873402,-1.0710733171051199,10.261719858268618,1.535607016897118,-0.12333945934445122,2.4175886928586086,1.6551632473662206,Hispa
-272593.5369798405,-350.3767469369858,-556.7665979543582,-241.70874926927982,0.551095107386827,2.395139428902781,-18.382049539292765,-9.416148534434132,-16.365613610043386,-5.606347334977271,0.731567591807547,12.18864000114801,0.8623861469754938,1.6183802085943482,Hispa
-130207.91618260035,1638.1995407905272,-768.8393125388503,285.19234584311613,-102.10960351759539,-7.0346395987875985,-0.11517090466468524,2.219883203414335,-5.971579443873096,0.43618382798674316,4.128086990381493,5.452973006942865,-0.9002965601941776,-0.7243920894861877,Hispa
-139365.34146516098,440.1672395085635,-559.8305188876759,-279.1134241681002,133.51254380076116,-93.672871302817,6.817622639532443,-15.952601265402352,-1.2253826221726514,14.78007584202409,-7.877666060840042,1.5562626554272825,-3.130103236200826,1.2071773781541493,Hispa
-430754.9645800916,1536.792605831077,202.42678105547358,10.879478548602146,52.97059672251856,71.59305295111267,-0.39051823177861616,18.48468242868107,-5.180766020796078,3.5856086999825267,-15.887736979083824,11.445613397932375,2.831501333679353,1.3906332795905918,Hispa
-481315.00633904437,911.4526686202024,355.7156466318524,-184.01653578245654,71.2011672522759,97.45606747679518,-4.263595252072902,2.8408741661554875,-7.180725724597616,10.42451874002502,-1.4095173413200923,1.2887206792923254,1.1207606510914152,-0.1468834479610537,Hispa
-542362.4801826141,-105.74576542013658,350.1075099692678,-398.6336283143277,16.11545033044198,133.04987534253596,-1.5824764060374779,-3.2096288278122156,2.227560074296816,9.628725718452811,0.22643971629180193,0.6494261197957044,0.5541794692457577,-1.1162912001357284,Hispa
-453029.4924389206,713.592657271797,-133.93474093396412,-156.71972851482872,-85.73412221424397,71.97870340279346,-10.141793797862514,-2.8989937717325533,-21.33281505641559,-15.70575474250529,-5.9961474680161215,1.23630218912774,4.262546811774731,4.452372157626596,Hispa
-323104.43634981103,1822.2486467463125,-249.652141305224,181.15042236293903,-84.77643478583003,27.827709809532475,17.236233698281122,8.033511053898605,-17.981912053379588,0.23158869189569783,0.8060347699023424,0.0932698834641628,0.48715698088718823,2.2491512210364357,Hispa
-450757.2946387867,769.7003206501927,-91.99084373786265,-118.40760721283493,-73.13875054477896,76.18352465202233,10.810002425191167,-1.1622527891495622,-5.725190753787028,0.5111161263850141,-0.3142187107827797,-0.9523054391673694,-0.8069870458786075,-0.3993184716014924,Hispa
-417410.6458643899,1022.9223943967844,7.841987336575518,-130.70776182494674,-46.33817354796638,49.37659994556796,2.8653000588834407,-3.0854464793995025,-0.4140739242509516,3.241971566059249,-1.890009053225105,-3.0415908356257195,-0.1203914580418809,0.5192599312847147,Hispa
-438771.22799069824,565.8551825779622,132.29149884270356,-202.86957552951807,-5.967224391482591,72.09118540768856,1.2009263605967264,-3.8356602263799386,5.1425618272630516,-2.1578974291298176,-4.848986299925576,-1.576796987351362,-0.7097543369709496,-0.7852780049525381,Hispa
-433799.3927994533,780.3206751179839,164.50234099281744,-173.2456389904157,5.532987284763626,69.18048669276956,7.031779032431525,-5.1033382194345736,9.641777281107023,5.121652432215528,-2.6754743329051434,-3.1388555245880454,-0.4467469755635873,0.0027017852397604623,Hispa
-511765.55441956304,8.057212087042226,155.84053705596665,-358.7151345879769,-21.670577714275545,104.27229078748263,12.720530694547866,-12.618212351475796,-4.394363235720003,4.183664955786245,6.426624348433344,-5.439569450286276,-0.3209330751903331,-0.10932645208722981,Hispa
-248374.38007609663,-961.7657823812791,34.96620165292594,-399.35376212491906,-132.63334632125733,-31.456959300553745,44.88406008181294,1.1707088880736647,45.65350355774514,-4.590629819995143,-1.9111878444316637,-3.792605321869018,1.6754080045132858,0.48539496239344193,Leaf Blast
95401.33990628595,530.3690393766476,405.65257140720547,-66.68591533263213,-57.32258193878052,-33.88623866743568,-21.888178897989842,-13.044376845101356,2.1839762204571893,-7.115465918179892,-2.965059286780832,-4.288800759026721,0.18238169443100133,0.5767480779341193,Leaf Blast
-393324.95862698724,-512.1473601096184,83.04983850630077,-409.4394264376044,-116.72201298082231,26.19245018135554,-23.427345952190098,8.454996145763518,-3.7714354147144666,-6.604930700185676,5.357540105752533,-0.2545466404190875,-2.1650778063544798,-0.1855257016981622,Leaf Blast
-407106.05122486816,-746.8179871981773,147.23480947181417,-489.2367145617293,-89.06493024037408,20.81115692581884,-16.59980836736984,9.36046387815604,1.5507491248619574,-10.023103819928055,7.033040598174631,0.0799660434352447,-1.4037394569890966,0.7078419470426531,Leaf Blast
-396354.2027578472,135.9041458028799,-171.1443756792364,-349.3554219337544,-143.43464006153437,-4.105486764759165,-24.996311081846677,13.45668288371782,-9.017284584093142,-9.12610743772709,0.36442932330381445,-2.309326131170036,-0.7914883176265151,0.23022677826004395,Leaf Blast
-504328.5853518845,-463.5710034322353,-59.61630856251277,-479.65826335557017,-146.55784370138824,59.49070663544783,-40.93272611514329,20.797197680866805,-25.237976874555898,-9.819992750579088,1.4181049955924705,-4.135851836017962,-0.13781667246235454,-0.30524599623847287,Leaf Blast
341940.1705725331,-127.25334345211003,565.371832808016,-82.21860493092638,-90.19066328338103,-26.133441785131733,-19.229296349178757,-10.807925620506175,-4.785261525216981,-13.10969140741037,-3.1726887530196457,-3.730272538577077,0.5827072819438034,1.4342943683357636,Leaf Blast
385114.56921107345,381.1486596107293,46.821472167385046,102.42288044308214,-180.14404828990507,-21.93764517215954,-9.734766841562998,-10.738210647209504,7.489713815723223,-6.287675843831422,0.6246415951817058,-4.350326749516047,-0.8852335109007912,-0.27941850088073267,Leaf Blast
-285652.37993791193,490.3925874505825,-169.88894734289124,-123.77990567945798,-163.88369201003698,1.7326798953752414,-13.24710998346947,5.46577584635849,8.287435691506493,-7.3826018439377865,0.31746172747323376,-3.0655938411178867,-1.5655028661976786,0.5209863770902198,Leaf Blast
-202987.66426545437,-558.3766443048886,-610.3281653920401,-235.27988683813115,68.45312230913157,-15.44991130792699,-5.4893127465626,-1.566558633035347,17.770836302216956,1.524287575025711,0.6436887761629726,-3.4803180571034016,-0.6673365642469811,-0.44033928424879476,Leaf Blast
-49849.255103894124,-1243.9490944317847,929.0494630398165,-466.10634822298385,129.21132193848118,-51.414941252261045,-0.9671295610701875,17.922389797114114,-2.490875872078786,-16.187419842031197,-0.22816248788331658,-4.130696991579895,-0.2290114980360303,-1.1164954607031115,Leaf Blast
-168027.5301406984,-1078.8404089465778,847.2304625377161,-471.4935375167405,116.86567187594302,-28.586538453418505,-8.71631463179596,13.779676706152502,-4.349099075131406,-20.553037674312666,0.20155342992598213,-4.6046513970032885,-0.8258665637198696,-1.0200258441935621,Leaf Blast
-264384.2791188603,-438.48518399294466,746.3754257897301,-384.41916470239363,106.74311812742097,10.96679286391778,-21.691454714487456,8.29499664327858,9.856832435913578,6.992483605118327,-2.980251929224376,-0.8344281682374025,-2.227378471641867,0.2744844404019462,Leaf Blast
-144975.19543356015,957.619945061156,-762.4810514343544,-29.860672538614757,-117.38936178333262,-67.08648778574008,-25.478856366970508,10.948659256214363,-9.92539920371856,7.080779146049126,0.6296837742906493,-1.732130923711661,-0.8646402362494238,-0.2722658049349605,Leaf Blast
149399.57065948047,435.80627780052987,-163.31693078279054,120.24928469887881,-196.22023012011746,-17.146368375484812,-7.74027656817622,-2.396332989472069,16.107352134990553,-0.9970467496956256,4.858813531509015,2.9839052918016713,-0.9092274574654283,0.6317646066090566,Leaf Blast
311386.528900284,210.88637281230876,-154.57021284044563,115.62136620827805,-243.43793544221396,-22.88520430077167,-12.60156746019691,-2.814514835869496,0.04519124237453685,-3.2953182861252635,2.238540251218256,0.7827793088743435,0.5668706093670598,-0.1092402177492874,Leaf Blast
226071.19857691924,-660.0396130444466,89.95581593327897,-187.40531911764953,-155.69773746944193,-66.55643123140426,2.7995846774599387,6.488110776686968,16.32960724126258,10.43321754052446,3.493701750770218,3.5346826564565017,-1.1721693094334757,0.23410892976958858,Leaf Blast
692103.8191103846,-1016.8126395701582,398.33777599871775,-54.691728596961475,-186.0998079044173,-2.2112344126136496,-7.816998777670342,10.818258185985135,-7.029176840654899,-0.4389675000266903,5.684823370750203,1.740592821075003,-0.144229186384958,0.06314072261360168,Leaf Blast
882201.2368688051,-1276.4340122764854,519.2607379548195,-115.79896885252096,-167.6750419455284,7.4324370112044145,-2.005034021598677,13.469852173101495,-0.9573271349939664,7.337795073822937,0.8978553671159964,-0.1890491868528831,0.4189769886825666,-1.2681268068543725,Leaf Blast
90185.95171735557,-27.145729266041965,-1110.9964353233906,53.887398710379976,173.76981231544914,-26.020600290140397,-26.1394220927961,-3.4763493856892183,2.8096843505003646,8.401981454544815,2.2185004969287236,-2.1661574373878647,0.19531856548932328,1.2460564802722873,Leaf Blast
-9457.578863403207,-299.8604559402488,-985.6490083516803,-9.998033895087284,160.38457683534256,-11.107258521459931,-22.634179049013742,-2.90177024232405,8.840696161393755,8.335989503722343,2.0846050822068274,-1.683181349962476,0.39459214430336503,0.4560249724649024,Leaf Blast
-46542.93574549189,-313.89194192352176,-989.7635858267711,-31.66635123057746,187.3535108024424,-7.580153011395161,-20.28897904436456,-4.852623073683115,12.670085376570725,7.751315580098363,2.6410656249765445,-1.9361402084184223,0.7983791731775933,0.547257967299195,Leaf Blast
-62419.45779789923,-521.0382204215878,-907.0941061603942,-36.768994889369,178.86843612243476,3.771976800737531,-17.877585722007566,-2.23096929399928,8.017152167444872,-0.5779965991440545,2.744612748750281,-2.424235223255783,0.9157684563675088,0.3834534108206484,Leaf Blast
-13649.144710704524,166.96466436747335,-315.75583221872114,-67.80413920152567,-94.73442331087797,-37.53652211633822,-12.715798656746413,-7.917227302365247,5.635504633784955,-10.440923935555055,1.4432484296291341,-1.6633288501807524,1.4233162012011369,-0.12722211449363333,Leaf Blast
24108.70007357252,-262.6356257692547,-1255.0903935707554,200.98397959494443,278.59448933128203,37.9610047029377,-15.619434740447337,-3.0204421500595444,7.858038498216104,-8.41434679173338,5.330689152496881,-4.08953024269255,0.5124224707603724,0.8199004631161213,Leaf Blast
46693.285552101166,-68.74467501249259,-1376.1177621151255,277.2196396967496,304.63314919540954,41.98792685321224,-9.42555431113503,-1.4787865121885426,15.421268576428954,-6.056955695670528,5.114748293782835,-4.297886222490721,0.3001739760115606,1.5038063133307549,Leaf Blast
-184568.23459485554,-395.49507160004015,-1124.833742128375,32.429571550335986,242.68916586141768,43.39246252809999,-11.987147305088639,-1.4894215287890726,13.46015071819045,-8.128657142084744,2.9524898498663283,-4.261108066095427,0.4472369814716002,0.8131727653543908,Leaf Blast
-205701.74226759872,-583.5324952676847,-1038.4055718192915,-24.522883414755714,225.37251037601868,43.38265227945006,-10.360718099354422,-0.8749288526636212,12.821550710720713,-8.768636231496401,2.4409885018675133,-4.273716616695256,0.41905095878711013,0.649856863187838,Leaf Blast
-274030.7000416548,-769.2829646156254,-515.7488399443527,-335.20944558556306,31.722374869926917,-12.328123158892648,-8.961779049654348,5.09326381293889,13.447386427686844,7.178503353324426,2.5148293239128057,-0.7736413739823905,0.28216171618090086,-0.49633829358430975,Leaf Blast
-83674.9459079338,66.53789525709973,-867.9824568213779,-17.751588886283763,89.91431322602328,-12.47148398174473,-25.160870035052803,-5.4650215917719525,5.5724420194559166,0.2882546839068965,2.7596246707149708,-2.413688962012636,0.1648065673512886,-0.10934551534280161,Leaf Blast
-58361.93543283627,178.39214862307043,-356.9388704557392,-97.51323189812753,-102.19968654423386,-36.62760369965251,-23.444142631766308,-6.68887213144159,1.9242055594953205,-3.8467015422750697,3.5759351397379295,0.12527876805052401,0.9732324433748242,-0.010775894726250974,Leaf Blast
-27830.36790200572,146.07829840184922,134.6006688819798,-154.57296259178673,-90.56568961035,-37.79735303397914,-21.62670920601759,-6.594610038373301,7.147326764750353,0.12330770653919308,1.3420079646035097,-0.43703322074012513,0.6340091306964835,-0.6020117871897728,Leaf Blast
-802014.8845770359,-2228.882939959704,500.34444347479973,2321.17387384626,-104.8088379457153,46.63412947741155,3.030384530851402,8.297379483770825,12.696378842688262,0.6559900162479182,4.895328599391322,2.5564492958842995,-0.5693629451891933,0.4048921463266998,Leaf Blast
229528.8555321231,213.1614279119481,-149.36894905351127,86.43235977492549,-214.61508543004032,-21.551228039405718,-14.834335233097589,-6.36893974473766,-0.2528481879031613,-5.109413954807408,2.690010124793781,-0.296878427176068,0.5871130431853487,0.6528143574013375,Leaf Blast
-370668.67161102867,-247.44804911350923,589.0260684374006,2723.5278780293756,166.6013197442009,0.6773648209745511,18.052571639958828,8.829499489020293,22.970940303762546,-17.578417059051407,14.132732217253212,5.310718509659954,-2.271186906624313,2.59516064509238,Leaf Blast
126938.55707873835,111.78402289446075,-102.66875586234832,0.17214860280677613,-212.3760873835759,-35.54616536447339,-5.496179728937837,-6.8974270221903975,1.7676121922386219,-13.042585117218051,1.8992135236633363,-2.3445910259719347,0.03485222534595633,0.1338029247370785,Leaf Blast
134983.8398743263,-200.7684441533239,-30.017649024532776,-60.25584215046711,-182.53607824883156,-32.791266400879024,5.548905185965366,-10.405378291984398,21.407031286335524,-3.202280396323507,-0.5526102883231109,-1.55885776743988,0.5187111221844333,0.014878603742178625,Leaf Blast
-802213.4484366553,-2304.6067026244027,502.4774684142775,2112.900492091304,-124.22899041739213,297.57330013582265,-9.7410846083004,69.75937038344244,-12.169585375517585,10.003561408101822,-3.1259181117584722,-3.1725153425222583,0.03789619505554712,0.5631664248592313,Leaf Blast
-135414.7071501953,1514.048974612855,341.86146741705346,-84.9768578264281,51.20775704511391,-63.78156440022233,-21.36338406336425,15.594611413948027,10.277946598676351,16.215261331405472,-3.9680669369578605,2.278573842463122,0.18537744416551605,1.5407440176005331,Leaf Blast
35712.61910651664,2449.9040914161574,536.8603365196346,-1.4099119934532827,120.05836415927865,-108.91985105632344,-37.95142719187645,14.145040723892155,-5.752478646422499,9.670117889246258,-2.469577599986201,0.5760541539301532,0.5972930074496305,0.9700674390669223,Leaf Blast
-235452.19784562098,2358.381594913686,-174.99144091123873,226.37332160430358,-40.613858099399636,-22.89769476301024,4.682876481296917,26.205159061838348,7.694164343699154,-0.12348702612625642,0.936217509439531,-2.412943802469027,1.6556114204533336,-2.9180094341695555,Leaf Blast
-112478.34336365577,4042.7426448022234,-430.01034969459585,563.9264998351133,-49.30720145998731,-90.56201414633219,27.056972701187014,58.57438127545939,4.893958312787786,-3.293842633129031,2.0775463155045464,-1.1602108319487974,-0.017658019629921307,-1.9983015370218666,Leaf Blast
-133302.21877678524,1933.7073301175526,44.17830407472144,221.01768322950028,-11.104089381504554,-9.340835191485155,5.674895645256575,10.748821159835732,20.6436681735,-3.8215268117585857,-0.7541453047880693,-1.638844038066855,2.4840297728628475,-2.8512952904958557,Leaf Blast
-148095.57124412264,1493.9446947406882,71.26441614593857,137.9939191915145,-8.297183413250659,-5.998583515070993,9.541071614919327,7.566117784784036,24.264951145919433,-3.6921060585172403,-0.029582419796310815,-2.6290561737806373,3.1806707959037803,-2.634519375733734,Leaf Blast
94596.06675337667,53.00735393757671,-91.51081199050084,19.664416996364018,-155.1299519600554,-23.067860928294508,30.293331538576716,-16.555953872268862,14.411336845997223,-4.874277578245984,-8.590135598256774,2.4977973401209823,-2.2565088544972296,1.5236990517433024,Leaf Blast
379917.21239050094,878.4739256187797,-176.8556705101113,410.5021064122152,-266.4601820069019,23.047481621478852,16.140221693615477,-7.81990620247191,-9.31671686760787,-11.869408459791444,-2.7625487362047916,-2.216811984868468,-2.8386298249639967,-0.03198016395912314,Leaf Blast
-325284.8611156732,312.47709204157,-609.1563172132561,-334.46571531512683,143.80490248427827,-35.04332811068742,-21.396865740742655,-6.736246176605078,-1.8458909689931378,7.069617540137179,7.907275059619059,9.738118543277055,-1.9213694238981447,-0.37952110394036453,Leaf Blast
-514549.43113675376,-478.2646032817214,-305.1517154504402,-393.0914146221202,-82.10891265981166,90.87347116578422,22.3605552113468,-7.998343362309911,6.651042679236593,-8.140165636545706,-0.31664720471070673,-2.866864091398619,-1.3708203600998925,-0.46344779116147367,Leaf Blast
-379466.27936824685,476.3505845321533,-133.38264397975877,-197.9482079345036,-108.45742725120333,33.351003378253495,15.500809827380735,-17.598729657885293,3.1562635538903874,0.18318413143908668,-1.7792906917971212,-3.0178376912359175,-0.823883613551462,-0.7777329594405694,Leaf Blast
-259317.7579378851,-542.9597204251822,-58.765220350093784,-292.48191590682273,-143.4725507154751,-7.615914672985073,10.026860143280274,-5.428813862561613,-4.186790010874802,-12.889332720384486,2.3983781872516974,15.201705705409978,2.713374626039062,2.3482886853439844,Leaf Blast
